,Days,Date,ISO_CountryID,Country/Region,ISO_CountryName,Province_Id,Province/State,Last Update,Confirmed,Deaths,Recovered,ISO_2,ISO_3,Latitude,Longitude
39,0.0,2020-01-23,76.0,Brazil,Brazil,76-321,,1/23/20 17:00,,,,BR,BRA,,
2389,0.0,2020-02-26,76.0,Brazil,Brazil,76-321,,2020-02-26T23:53:02,1.0,0.0,0.0,BR,BRA,,
2490,0.0,2020-02-27,76.0,Brazil,Brazil,76-321,,2020-02-26T23:53:02,1.0,0.0,0.0,BR,BRA,,
2596,0.0,2020-02-28,76.0,Brazil,Brazil,76-321,,2020-02-26T23:53:02,1.0,0.0,0.0,BR,BRA,,
2710,0.0,2020-02-29,76.0,Brazil,Brazil,76-321,,2020-02-29T21:03:05,2.0,0.0,0.0,BR,BRA,,
2831,0.0,2020-03-01,76.0,Brazil,Brazil,76-321,,2020-02-29T21:03:05,2.0,0.0,0.0,BR,BRA,-14.235,-51.9253
2958,0.0,2020-03-02,76.0,Brazil,Brazil,76-321,,2020-02-29T21:03:05,2.0,0.0,0.0,BR,BRA,-14.235,-51.9253
3100,0.0,2020-03-03,76.0,Brazil,Brazil,76-321,,2020-02-29T21:03:05,2.0,0.0,0.0,BR,BRA,-14.235,-51.9253
3252,0.0,2020-03-04,76.0,Brazil,Brazil,76-321,,2020-03-04T20:33:02,4.0,0.0,0.0,BR,BRA,-14.235,-51.9253
3413,0.0,2020-03-05,76.0,Brazil,Brazil,76-321,,2020-03-04T20:33:02,4.0,0.0,0.0,BR,BRA,-14.235,-51.9253
3587,0.0,2020-03-06,76.0,Brazil,Brazil,76-321,,2020-03-06T20:33:03,13.0,0.0,0.0,BR,BRA,-14.235,-51.9253
3786,0.0,2020-03-07,76.0,Brazil,Brazil,76-321,,2020-03-06T20:33:03,13.0,0.0,0.0,BR,BRA,-14.235,-51.9253
4012,0.0,2020-03-08,76.0,Brazil,Brazil,76-321,,2020-03-08T17:23:07,20.0,0.0,0.0,BR,BRA,-14.235,-51.9253
4268,0.0,2020-03-09,76.0,Brazil,Brazil,76-321,,2020-03-09T10:13:06,25.0,0.0,0.0,BR,BRA,-14.235,-51.9253
4534,0.0,2020-03-10,76.0,Brazil,Brazil,76-321,,2020-03-10T16:53:13,31.0,0.0,0.0,BR,BRA,-14.235,-51.9253
4741,0.0,2020-03-11,76.0,Brazil,Brazil,76-321,,2020-03-11T22:13:12,38.0,0.0,0.0,BR,BRA,-14.235,-51.9253
4957,0.0,2020-03-12,76.0,Brazil,Brazil,76-321,,2020-03-12T01:33:03,52.0,0.0,0.0,BR,BRA,-14.235,-51.9253
5177,0.0,2020-03-13,76.0,Brazil,Brazil,76-321,,2020-03-11T20:00:00,151.0,0.0,0.0,BR,BRA,-14.235,-51.9253
5407,0.0,2020-03-14,76.0,Brazil,Brazil,76-321,,2020-03-13T22:21:58,151.0,0.0,0.0,BR,BRA,-14.235,-51.9253
5656,0.0,2020-03-15,76.0,Brazil,Brazil,76-321,,2020-03-15T18:20:18,162.0,0.0,0.0,BR,BRA,-14.235,-51.9253
5915,0.0,2020-03-16,76.0,Brazil,Brazil,76-321,,2020-03-16T02:33:08,200.0,0.0,1.0,BR,BRA,-14.235,-51.9253
6188,0.0,2020-03-17,76.0,Brazil,Brazil,76-321,,2020-03-17T15:33:06,321.0,1.0,2.0,BR,BRA,-14.235,-51.9253
6464,0.0,2020-03-18,76.0,Brazil,Brazil,76-321,,2020-03-18T19:14:29,372.0,3.0,2.0,BR,BRA,-14.235,-51.9253
6749,0.0,2020-03-19,76.0,Brazil,Brazil,76-321,,2020-03-19T20:43:02,621.0,6.0,2.0,BR,BRA,-14.235,-51.9253
7042,0.0,2020-03-20,76.0,Brazil,Brazil,76-321,,2020-03-20T20:13:16,793.0,11.0,2.0,BR,BRA,-14.235,-51.9253
7341,0.0,2020-03-21,76.0,Brazil,Brazil,76-321,,2020-03-21T17:43:03,1021.0,15.0,2.0,BR,BRA,-14.235,-51.9253
7645,0.0,2020-03-22,76.0,Brazil,Brazil,76-321,,2020-03-22T23:43:02,1593.0,25.0,2.0,BR,BRA,-14.235,-51.9253
7952,0.0,2020-03-23,76.0,Brazil,Brazil,76-321, ,2020-03-23 23:19:21,1924.0,34.0,2.0,BR,BRA,,
8247,0.0,2020-03-24,76.0,Brazil,Brazil,76-321, ,2020-03-24 23:37:15,2247.0,46.0,2.0,BR,BRA,,
8546,0.0,2020-03-25,76.0,Brazil,Brazil,76-321, ,2020-03-25 23:33:04,2554.0,59.0,2.0,BR,BRA,,
8848,0.0,2020-03-26,76.0,Brazil,Brazil,76-321, ,2020-03-26 23:48:18,2985.0,77.0,6.0,BR,BRA,,
9153,0.0,2020-03-27,76.0,Brazil,Brazil,76-321, ,2020-03-27 23:23:03,3417.0,92.0,6.0,BR,BRA,,
9458,0.0,2020-03-28,76.0,Brazil,Brazil,76-321, ,2020-03-28 23:05:25,3904.0,111.0,6.0,BR,BRA,,
9766,0.0,2020-03-29,76.0,Brazil,Brazil,76-321, ,2020-03-29 23:08:13,4256.0,136.0,6.0,BR,BRA,,
10075,0.0,2020-03-30,76.0,Brazil,Brazil,76-321, ,2020-03-30 22:52:33,4579.0,159.0,120.0,BR,BRA,,
10384,0.0,2020-03-31,76.0,Brazil,Brazil,76-321, ,2020-03-31 23:43:43,5717.0,201.0,127.0,BR,BRA,,
10694,0.0,2020-04-01,76.0,Brazil,Brazil,76-321, ,2020-04-01 21:58:34,6836.0,240.0,127.0,BR,BRA,,
11004,0.0,2020-04-02,76.0,Brazil,Brazil,76-321, ,2020-04-02 23:25:14,8044.0,324.0,127.0,BR,BRA,,
11316,0.0,2020-04-03,76.0,Brazil,Brazil,76-321, ,2020-04-03 22:46:20,9056.0,359.0,127.0,BR,BRA,,
11628,0.0,2020-04-04,76.0,Brazil,Brazil,76-321, ,2020-04-04 23:34:04,10360.0,445.0,127.0,BR,BRA,,
11941,0.0,2020-04-05,76.0,Brazil,Brazil,76-321, ,2020-04-05 23:06:26,11130.0,486.0,127.0,BR,BRA,,
12256,0.0,2020-04-06,76.0,Brazil,Brazil,76-321, ,4/6/20 23:21,12161.0,564.0,127.0,BR,BRA,,
12572,0.0,2020-04-07,76.0,Brazil,Brazil,76-321, ,2020-04-07 23:04:29,14034.0,686.0,127.0,BR,BRA,,
12888,0.0,2020-04-08,76.0,Brazil,Brazil,76-321, ,2020-04-08 22:51:39,16170.0,819.0,127.0,BR,BRA,,
13204,0.0,2020-04-09,76.0,Brazil,Brazil,76-321, ,2020-04-09 23:02:19,18092.0,950.0,173.0,BR,BRA,,
13520,0.0,2020-04-10,76.0,Brazil,Brazil,76-321, ,2020-04-10 22:53:48,19638.0,1057.0,173.0,BR,BRA,,
13837,0.0,2020-04-11,76.0,Brazil,Brazil,76-321, ,2020-04-11 22:45:13,20727.0,1124.0,173.0,BR,BRA,,
14154,0.0,2020-04-12,76.0,Brazil,Brazil,76-321, ,2020-04-12 23:17:00,22192.0,1223.0,173.0,BR,BRA,,
14470,0.0,2020-04-13,76.0,Brazil,Brazil,76-321, ,2020-04-13 23:07:34,23430.0,1328.0,173.0,BR,BRA,,
14786,0.0,2020-04-14,76.0,Brazil,Brazil,76-321, ,2020-04-14 23:33:12,25262.0,1532.0,3046.0,BR,BRA,,
15102,0.0,2020-04-15,76.0,Brazil,Brazil,76-321, ,2020-04-15 22:56:32,28320.0,1736.0,14026.0,BR,BRA,,
15418,0.0,2020-04-16,76.0,Brazil,Brazil,76-321, ,2020-04-16 23:30:31,30425.0,1924.0,14026.0,BR,BRA,,
15734,0.0,2020-04-17,76.0,Brazil,Brazil,76-321, ,2020-04-17 23:30:32,33682.0,2141.0,14026.0,BR,BRA,,
16050,0.0,2020-04-18,76.0,Brazil,Brazil,76-321, ,2020-04-18 22:32:28,36658.0,2354.0,14026.0,BR,BRA,,
16366,0.0,2020-04-19,76.0,Brazil,Brazil,76-321, ,2020-04-19 23:40:41,38654.0,2462.0,22130.0,BR,BRA,,
16682,0.0,2020-04-20,76.0,Brazil,Brazil,76-321, ,2020-04-20 23:36:27,40743.0,2587.0,22130.0,BR,BRA,,
16998,0.0,2020-04-21,76.0,Brazil,Brazil,76-321, ,2020-04-21 23:30:30,43079.0,2741.0,22991.0,BR,BRA,,
17314,0.0,2020-04-22,76.0,Brazil,Brazil,76-321, ,2020-04-22 23:30:32,45757.0,2906.0,25318.0,BR,BRA,,
17629,0.0,2020-04-23,76.0,Brazil,Brazil,76-321, ,2020-04-24 03:30:31,50036.0,3331.0,26573.0,BR,BRA,,
17946,0.0,2020-04-24,76.0,Brazil,Brazil,76-321, ,2020-04-25 06:30:33,54043.0,3704.0,27655.0,BR,BRA,,
18262,0.0,2020-04-25,76.0,Brazil,Brazil,76-321, ,2020-04-26 02:30:31,59324.0,4057.0,29160.0,BR,BRA,,
18578,,2020-04-26,76.0,Brazil,Brazil,76-321, ,2020-04-27 02:30:33,63100.0,4286.0,30152.0,BR,BRA,,
18894,,2020-04-27,76.0,Brazil,Brazil,76-321, ,2020-04-28 02:30:32,67446.0,4603.0,31142.0,BR,BRA,,
19212,,2020-04-28,76.0,Brazil,Brazil,76-321, ,2020-04-29 02:32:29,73235.0,5083.0,32544.0,BR,BRA,,
19529,,2020-04-29,76.0,Brazil,Brazil,76-321, ,2020-04-30 02:32:27,79685.0,5513.0,34132.0,BR,BRA,,
19846,,2020-04-30,76.0,Brazil,Brazil,76-321, ,2020-05-01 02:32:28,87187.0,6006.0,35935.0,BR,BRA,,
20164,,2020-05-01,76.0,Brazil,Brazil,76-321, ,2020-05-02 02:32:27,92202.0,6412.0,38039.0,BR,BRA,,
20482,,2020-05-02,76.0,Brazil,Brazil,76-321, ,2020-05-03 02:32:28,97100.0,6761.0,40937.0,BR,BRA,,
20800,,2020-05-03,76.0,Brazil,Brazil,76-321, ,2020-05-04 02:32:28,101826.0,7051.0,42991.0,BR,BRA,,
21118,,2020-05-04,76.0,Brazil,Brazil,76-321, ,2020-05-05 02:32:34,108620.0,7367.0,45815.0,BR,BRA,,
21436,,2020-05-05,76.0,Brazil,Brazil,76-321, ,2020-05-06 02:32:31,115455.0,7938.0,48221.0,BR,BRA,,
21754,,2020-05-06,76.0,Brazil,Brazil,76-321, ,2020-05-07 02:32:28,126611.0,8588.0,51370.0,BR,BRA,,
22072,,2020-05-07,76.0,Brazil,Brazil,76-321, ,2020-05-08 02:32:32,135773.0,9190.0,55350.0,BR,BRA,,
22390,,2020-05-08,76.0,Brazil,Brazil,76-321, ,2020-05-09 02:32:35,146894.0,10017.0,59297.0,BR,BRA,,
22708,,2020-05-09,76.0,Brazil,Brazil,76-321, ,2020-05-10 02:32:30,156061.0,10656.0,61685.0,BR,BRA,,
23026,,2020-05-10,76.0,Brazil,Brazil,76-321, ,2020-05-11 02:32:30,162699.0,11123.0,64957.0,BR,BRA,,
23344,,2020-05-11,76.0,Brazil,Brazil,76-321, ,2020-05-12 03:32:27,169594.0,11653.0,67384.0,BR,BRA,,
23662,,2020-05-12,76.0,Brazil,Brazil,76-321, ,2020-05-13 03:32:26,178214.0,12461.0,72597.0,BR,BRA,,
23980,,2020-05-13,76.0,Brazil,Brazil,76-321, ,2020-05-14 03:32:28,190137.0,13240.0,78424.0,BR,BRA,,
24299,,2020-05-14,76.0,Brazil,Brazil,76-321, ,2020-05-15 02:33:02,203165.0,13999.0,79479.0,BR,BRA,,
24671,,2020-05-15,76.0,Brazil,Brazil,76-321, ,2020-05-16 02:32:19,220291.0,14962.0,84970.0,BR,BRA,,
25043,,2020-05-16,76.0,Brazil,Brazil,76-321, ,2020-05-17 02:32:32,233511.0,15662.0,89672.0,BR,BRA,,
25415,,2020-05-17,76.0,Brazil,Brazil,76-321, ,2020-05-18 02:32:21,241080.0,16118.0,94122.0,BR,BRA,,
25787,,2020-05-18,76.0,Brazil,Brazil,76-321, ,2020-05-19 02:32:18,255368.0,16853.0,100459.0,BR,BRA,,
26159,,2020-05-19,76.0,Brazil,Brazil,76-321, ,2020-05-20 02:32:19,271885.0,17983.0,106794.0,BR,BRA,,
26532,,2020-05-20,76.0,Brazil,Brazil,76-322,Acre,2020-05-21 02:32:48,2817.0,76.0,0.0,BR,BRA,,
26533,,2020-05-20,76.0,Brazil,Brazil,76-323,Alagoas,2020-05-21 02:32:48,4437.0,251.0,0.0,BR,BRA,,
26534,,2020-05-20,76.0,Brazil,Brazil,76-324,Amapa,2020-05-21 02:32:48,4549.0,142.0,0.0,BR,BRA,,
26535,,2020-05-20,76.0,Brazil,Brazil,76-325,Amazonas,2020-05-21 02:32:48,23704.0,1561.0,0.0,BR,BRA,,
26536,,2020-05-20,76.0,Brazil,Brazil,76-326,Bahia,2020-05-21 02:32:48,11197.0,362.0,0.0,BR,BRA,,
26537,,2020-05-20,76.0,Brazil,Brazil,76-327,Ceara,2020-05-21 02:32:48,30560.0,1900.0,0.0,BR,BRA,,
26538,,2020-05-20,76.0,Brazil,Brazil,76-328,Distrito Federal,2020-05-21 02:32:48,5161.0,77.0,0.0,BR,BRA,,
26539,,2020-05-20,76.0,Brazil,Brazil,76-329,Espirito Santo,2020-05-21 02:32:48,8092.0,341.0,0.0,BR,BRA,,
26540,,2020-05-20,76.0,Brazil,Brazil,76-330,Goias,2020-05-21 02:32:48,1978.0,78.0,0.0,BR,BRA,,
26541,,2020-05-20,76.0,Brazil,Brazil,76-331,Maranhao,2020-05-21 02:32:48,15114.0,634.0,0.0,BR,BRA,,
26542,,2020-05-20,76.0,Brazil,Brazil,76-332,Mato Grosso,2020-05-21 02:32:48,1054.0,32.0,0.0,BR,BRA,,
26543,,2020-05-20,76.0,Brazil,Brazil,76-333,Mato Grosso do Sul,2020-05-21 02:32:48,693.0,17.0,0.0,BR,BRA,,
26544,,2020-05-20,76.0,Brazil,Brazil,76-334,Minas Gerais,2020-05-21 02:32:48,5286.0,177.0,0.0,BR,BRA,,
26545,,2020-05-20,76.0,Brazil,Brazil,76-335,Para,2020-05-21 02:32:48,18135.0,1633.0,0.0,BR,BRA,,
26546,,2020-05-20,76.0,Brazil,Brazil,76-336,Paraiba,2020-05-21 02:32:48,5838.0,230.0,0.0,BR,BRA,,
26547,,2020-05-20,76.0,Brazil,Brazil,76-337,Parana,2020-05-21 02:32:48,2616.0,137.0,0.0,BR,BRA,,
26548,,2020-05-20,76.0,Brazil,Brazil,76-338,Pernambuco,2020-05-21 02:32:48,22560.0,1834.0,0.0,BR,BRA,,
26549,,2020-05-20,76.0,Brazil,Brazil,76-339,Piaui,2020-05-21 02:32:48,2637.0,87.0,0.0,BR,BRA,,
26550,,2020-05-20,76.0,Brazil,Brazil,76-340,Rio Grande do Norte,2020-05-21 02:32:48,3796.0,170.0,0.0,BR,BRA,,
26551,,2020-05-20,76.0,Brazil,Brazil,76-341,Rio Grande do Sul,2020-05-21 02:32:48,4973.0,161.0,0.0,BR,BRA,,
26552,,2020-05-20,76.0,Brazil,Brazil,76-342,Rio de Janeiro,2020-05-21 02:32:48,30372.0,3237.0,0.0,BR,BRA,,
26553,,2020-05-20,76.0,Brazil,Brazil,76-343,Rondonia,2020-05-21 02:32:48,2499.0,90.0,0.0,BR,BRA,,
26554,,2020-05-20,76.0,Brazil,Brazil,76-344,Roraima,2020-05-21 02:32:48,2067.0,64.0,0.0,BR,BRA,,
26555,,2020-05-20,76.0,Brazil,Brazil,76-345,Santa Catarina,2020-05-21 02:32:48,5499.0,94.0,0.0,BR,BRA,,
26556,,2020-05-20,76.0,Brazil,Brazil,76-346,Sao Paulo,2020-05-21 02:32:48,69859.0,5363.0,0.0,BR,BRA,,
26557,,2020-05-20,76.0,Brazil,Brazil,76-347,Sergipe,2020-05-21 02:32:48,4277.0,69.0,0.0,BR,BRA,,
26558,,2020-05-20,76.0,Brazil,Brazil,76-348,Tocantins,2020-05-21 02:32:48,1809.0,42.0,0.0,BR,BRA,,
26559,,2020-05-20,76.0,Brazil,Brazil,,Unknown,2020-05-21 02:32:48,0.0,0.0,116683.0,BR,BRA,,
26979,,2020-05-21,76.0,Brazil,Brazil,76-322,Acre,2020-05-22 02:36:51,3103.0,78.0,0.0,BR,BRA,,
26980,,2020-05-21,76.0,Brazil,Brazil,76-323,Alagoas,2020-05-22 02:36:51,4916.0,262.0,0.0,BR,BRA,,
26981,,2020-05-21,76.0,Brazil,Brazil,76-324,Amapa,2020-05-22 02:36:51,5188.0,151.0,0.0,BR,BRA,,
26982,,2020-05-21,76.0,Brazil,Brazil,76-325,Amazonas,2020-05-22 02:36:51,25367.0,1620.0,0.0,BR,BRA,,
26983,,2020-05-21,76.0,Brazil,Brazil,76-326,Bahia,2020-05-22 02:36:51,11941.0,376.0,0.0,BR,BRA,,
26984,,2020-05-21,76.0,Brazil,Brazil,76-327,Ceara,2020-05-22 02:36:51,31413.0,2161.0,0.0,BR,BRA,,
26985,,2020-05-21,76.0,Brazil,Brazil,76-328,Distrito Federal,2020-05-22 02:36:51,5542.0,84.0,0.0,BR,BRA,,
26986,,2020-05-21,76.0,Brazil,Brazil,76-329,Espirito Santo,2020-05-22 02:36:51,8878.0,363.0,0.0,BR,BRA,,
26987,,2020-05-21,76.0,Brazil,Brazil,76-330,Goias,2020-05-22 02:36:51,2114.0,85.0,0.0,BR,BRA,,
26988,,2020-05-21,76.0,Brazil,Brazil,76-331,Maranhao,2020-05-22 02:36:51,16058.0,663.0,0.0,BR,BRA,,
26989,,2020-05-21,76.0,Brazil,Brazil,76-332,Mato Grosso,2020-05-22 02:36:51,1172.0,34.0,0.0,BR,BRA,,
26990,,2020-05-21,76.0,Brazil,Brazil,76-333,Mato Grosso do Sul,2020-05-22 02:36:51,746.0,17.0,0.0,BR,BRA,,
26991,,2020-05-21,76.0,Brazil,Brazil,76-334,Minas Gerais,2020-05-22 02:36:51,5596.0,191.0,0.0,BR,BRA,,
26992,,2020-05-21,76.0,Brazil,Brazil,76-335,Para,2020-05-22 02:36:51,19756.0,1852.0,0.0,BR,BRA,,
26993,,2020-05-21,76.0,Brazil,Brazil,76-336,Paraiba,2020-05-22 02:36:51,6238.0,245.0,0.0,BR,BRA,,
26994,,2020-05-21,76.0,Brazil,Brazil,76-337,Parana,2020-05-22 02:36:51,2810.0,141.0,0.0,BR,BRA,,
26995,,2020-05-21,76.0,Brazil,Brazil,76-338,Pernambuco,2020-05-22 02:36:51,23911.0,1925.0,0.0,BR,BRA,,
26996,,2020-05-21,76.0,Brazil,Brazil,76-339,Piaui,2020-05-22 02:36:51,2852.0,91.0,0.0,BR,BRA,,
26997,,2020-05-21,76.0,Brazil,Brazil,76-340,Rio Grande do Norte,2020-05-22 02:36:51,4060.0,178.0,0.0,BR,BRA,,
26998,,2020-05-21,76.0,Brazil,Brazil,76-341,Rio Grande do Sul,2020-05-22 02:36:51,5473.0,166.0,0.0,BR,BRA,,
26999,,2020-05-21,76.0,Brazil,Brazil,76-342,Rio de Janeiro,2020-05-22 02:36:51,32089.0,3412.0,0.0,BR,BRA,,
27000,,2020-05-21,76.0,Brazil,Brazil,76-343,Rondonia,2020-05-22 02:36:51,2659.0,101.0,0.0,BR,BRA,,
27001,,2020-05-21,76.0,Brazil,Brazil,76-344,Roraima,2020-05-22 02:36:51,2146.0,72.0,0.0,BR,BRA,,
27002,,2020-05-21,76.0,Brazil,Brazil,76-345,Santa Catarina,2020-05-22 02:36:51,5610.0,98.0,0.0,BR,BRA,,
27003,,2020-05-21,76.0,Brazil,Brazil,76-346,Sao Paulo,2020-05-22 02:36:51,73739.0,5558.0,0.0,BR,BRA,,
27004,,2020-05-21,76.0,Brazil,Brazil,76-347,Sergipe,2020-05-22 02:36:51,4734.0,76.0,0.0,BR,BRA,,
27005,,2020-05-21,76.0,Brazil,Brazil,76-348,Tocantins,2020-05-22 02:36:51,1976.0,47.0,0.0,BR,BRA,,
27006,,2020-05-21,76.0,Brazil,Brazil,,Unknown,2020-05-22 02:36:51,0.0,0.0,125960.0,BR,BRA,,
27426,,2020-05-22,76.0,Brazil,Brazil,76-322,Acre,2020-05-23 02:32:42,3343.0,80.0,0.0,BR,BRA,,
27427,,2020-05-22,76.0,Brazil,Brazil,76-323,Alagoas,2020-05-23 02:32:42,5302.0,280.0,0.0,BR,BRA,,
27428,,2020-05-22,76.0,Brazil,Brazil,76-324,Amapa,2020-05-23 02:32:42,5655.0,157.0,0.0,BR,BRA,,
27429,,2020-05-22,76.0,Brazil,Brazil,76-325,Amazonas,2020-05-23 02:32:42,27038.0,1669.0,0.0,BR,BRA,,
27430,,2020-05-22,76.0,Brazil,Brazil,76-326,Bahia,2020-05-23 02:32:42,12557.0,399.0,0.0,BR,BRA,,
27431,,2020-05-22,76.0,Brazil,Brazil,76-327,Ceara,2020-05-23 02:32:42,34573.0,2251.0,0.0,BR,BRA,,
27432,,2020-05-22,76.0,Brazil,Brazil,76-328,Distrito Federal,2020-05-23 02:32:42,5948.0,90.0,0.0,BR,BRA,,
27433,,2020-05-22,76.0,Brazil,Brazil,76-329,Espirito Santo,2020-05-23 02:32:42,9520.0,397.0,0.0,BR,BRA,,
27434,,2020-05-22,76.0,Brazil,Brazil,76-330,Goias,2020-05-23 02:32:42,2304.0,93.0,0.0,BR,BRA,,
27435,,2020-05-22,76.0,Brazil,Brazil,76-331,Maranhao,2020-05-23 02:32:42,17212.0,693.0,0.0,BR,BRA,,
27436,,2020-05-22,76.0,Brazil,Brazil,76-332,Mato Grosso,2020-05-23 02:32:42,1220.0,37.0,0.0,BR,BRA,,
27437,,2020-05-22,76.0,Brazil,Brazil,76-333,Mato Grosso do Sul,2020-05-23 02:32:42,805.0,17.0,0.0,BR,BRA,,
27438,,2020-05-22,76.0,Brazil,Brazil,76-334,Minas Gerais,2020-05-23 02:32:42,5995.0,201.0,0.0,BR,BRA,,
27439,,2020-05-22,76.0,Brazil,Brazil,76-335,Para,2020-05-23 02:32:42,21469.0,1937.0,0.0,BR,BRA,,
27440,,2020-05-22,76.0,Brazil,Brazil,76-336,Paraiba,2020-05-23 02:32:42,6882.0,248.0,0.0,BR,BRA,,
27441,,2020-05-22,76.0,Brazil,Brazil,76-337,Parana,2020-05-23 02:32:42,2939.0,146.0,0.0,BR,BRA,,
27442,,2020-05-22,76.0,Brazil,Brazil,76-338,Pernambuco,2020-05-23 02:32:42,25760.0,2057.0,0.0,BR,BRA,,
27443,,2020-05-22,76.0,Brazil,Brazil,76-339,Piaui,2020-05-23 02:32:42,3074.0,93.0,0.0,BR,BRA,,
27444,,2020-05-22,76.0,Brazil,Brazil,76-340,Rio Grande do Norte,2020-05-23 02:32:42,4251.0,181.0,0.0,BR,BRA,,
27445,,2020-05-22,76.0,Brazil,Brazil,76-341,Rio Grande do Sul,2020-05-23 02:32:42,5918.0,172.0,0.0,BR,BRA,,
27446,,2020-05-22,76.0,Brazil,Brazil,76-342,Rio de Janeiro,2020-05-23 02:32:42,33589.0,3657.0,0.0,BR,BRA,,
27447,,2020-05-22,76.0,Brazil,Brazil,76-343,Rondonia,2020-05-23 02:32:42,2774.0,106.0,0.0,BR,BRA,,
27448,,2020-05-22,76.0,Brazil,Brazil,76-344,Roraima,2020-05-23 02:32:42,2306.0,83.0,0.0,BR,BRA,,
27449,,2020-05-22,76.0,Brazil,Brazil,76-345,Santa Catarina,2020-05-23 02:32:42,6458.0,100.0,0.0,BR,BRA,,
27450,,2020-05-22,76.0,Brazil,Brazil,76-346,Sao Paulo,2020-05-23 02:32:42,76871.0,5773.0,0.0,BR,BRA,,
27451,,2020-05-22,76.0,Brazil,Brazil,76-347,Sergipe,2020-05-23 02:32:42,4922.0,82.0,0.0,BR,BRA,,
27452,,2020-05-22,76.0,Brazil,Brazil,76-348,Tocantins,2020-05-23 02:32:42,2205.0,49.0,0.0,BR,BRA,,
27453,,2020-05-22,76.0,Brazil,Brazil,,Unknown,2020-05-23 02:32:42,0.0,0.0,135430.0,BR,BRA,,
27873,,2020-05-23,76.0,Brazil,Brazil,76-322,Acre,2020-05-24 02:32:43,3867.0,87.0,0.0,BR,BRA,,
27874,,2020-05-23,76.0,Brazil,Brazil,76-323,Alagoas,2020-05-24 02:32:43,5630.0,301.0,0.0,BR,BRA,,
27875,,2020-05-23,76.0,Brazil,Brazil,76-324,Amapa,2020-05-24 02:32:43,6091.0,162.0,0.0,BR,BRA,,
27876,,2020-05-23,76.0,Brazil,Brazil,76-325,Amazonas,2020-05-24 02:32:43,28802.0,1744.0,0.0,BR,BRA,,
27877,,2020-05-23,76.0,Brazil,Brazil,76-326,Bahia,2020-05-24 02:32:43,13000.0,413.0,0.0,BR,BRA,,
27878,,2020-05-23,76.0,Brazil,Brazil,76-327,Ceara,2020-05-24 02:32:43,35122.0,2308.0,0.0,BR,BRA,,
27879,,2020-05-23,76.0,Brazil,Brazil,76-328,Distrito Federal,2020-05-24 02:32:43,6251.0,95.0,0.0,BR,BRA,,
27880,,2020-05-23,76.0,Brazil,Brazil,76-329,Espirito Santo,2020-05-24 02:32:43,9918.0,417.0,0.0,BR,BRA,,
27881,,2020-05-23,76.0,Brazil,Brazil,76-330,Goias,2020-05-24 02:32:43,2377.0,95.0,0.0,BR,BRA,,
27882,,2020-05-23,76.0,Brazil,Brazil,76-331,Maranhao,2020-05-24 02:32:43,18767.0,722.0,0.0,BR,BRA,,
27883,,2020-05-23,76.0,Brazil,Brazil,76-332,Mato Grosso,2020-05-24 02:32:43,1352.0,37.0,0.0,BR,BRA,,
27884,,2020-05-23,76.0,Brazil,Brazil,76-333,Mato Grosso do Sul,2020-05-24 02:32:43,858.0,17.0,0.0,BR,BRA,,
27885,,2020-05-23,76.0,Brazil,Brazil,76-334,Minas Gerais,2020-05-24 02:32:43,6338.0,217.0,0.0,BR,BRA,,
27886,,2020-05-23,76.0,Brazil,Brazil,76-335,Para,2020-05-24 02:32:43,22697.0,2001.0,0.0,BR,BRA,,
27887,,2020-05-23,76.0,Brazil,Brazil,76-336,Paraiba,2020-05-24 02:32:43,7508.0,258.0,0.0,BR,BRA,,
27888,,2020-05-23,76.0,Brazil,Brazil,76-337,Parana,2020-05-24 02:32:43,3099.0,150.0,0.0,BR,BRA,,
27889,,2020-05-23,76.0,Brazil,Brazil,76-338,Pernambuco,2020-05-24 02:32:43,26786.0,2144.0,0.0,BR,BRA,,
27890,,2020-05-23,76.0,Brazil,Brazil,76-339,Piaui,2020-05-24 02:32:43,3258.0,99.0,0.0,BR,BRA,,
27891,,2020-05-23,76.0,Brazil,Brazil,76-340,Rio Grande do Norte,2020-05-24 02:32:43,4599.0,184.0,0.0,BR,BRA,,
27892,,2020-05-23,76.0,Brazil,Brazil,76-341,Rio Grande do Sul,2020-05-24 02:32:43,6336.0,176.0,0.0,BR,BRA,,
27893,,2020-05-23,76.0,Brazil,Brazil,76-342,Rio de Janeiro,2020-05-24 02:32:43,34533.0,3905.0,0.0,BR,BRA,,
27894,,2020-05-23,76.0,Brazil,Brazil,76-343,Rondonia,2020-05-24 02:32:43,3109.0,115.0,0.0,BR,BRA,,
27895,,2020-05-23,76.0,Brazil,Brazil,76-344,Roraima,2020-05-24 02:32:43,2374.0,81.0,0.0,BR,BRA,,
27896,,2020-05-23,76.0,Brazil,Brazil,76-345,Santa Catarina,2020-05-24 02:32:43,6607.0,103.0,0.0,BR,BRA,,
27897,,2020-05-23,76.0,Brazil,Brazil,76-346,Sao Paulo,2020-05-24 02:32:43,80558.0,6045.0,0.0,BR,BRA,,
27898,,2020-05-23,76.0,Brazil,Brazil,76-347,Sergipe,2020-05-24 02:32:43,5131.0,86.0,0.0,BR,BRA,,
27899,,2020-05-23,76.0,Brazil,Brazil,76-348,Tocantins,2020-05-24 02:32:43,2430.0,51.0,0.0,BR,BRA,,
27900,,2020-05-23,76.0,Brazil,Brazil,,Unknown,2020-05-24 02:32:43,0.0,0.0,142587.0,BR,BRA,,
28320,,2020-05-24,76.0,Brazil,Brazil,76-322,Acre,2020-05-25 02:32:44,4160.0,92.0,0.0,BR,BRA,,
28321,,2020-05-24,76.0,Brazil,Brazil,76-323,Alagoas,2020-05-25 02:32:44,6214.0,316.0,0.0,BR,BRA,,
28322,,2020-05-24,76.0,Brazil,Brazil,76-324,Amapa,2020-05-25 02:32:44,6353.0,163.0,0.0,BR,BRA,,
28323,,2020-05-24,76.0,Brazil,Brazil,76-325,Amazonas,2020-05-25 02:32:44,29867.0,1758.0,0.0,BR,BRA,,
28324,,2020-05-24,76.0,Brazil,Brazil,76-326,Bahia,2020-05-25 02:32:44,13899.0,460.0,0.0,BR,BRA,,
28325,,2020-05-24,76.0,Brazil,Brazil,76-327,Ceara,2020-05-25 02:32:44,35595.0,2324.0,0.0,BR,BRA,,
28326,,2020-05-24,76.0,Brazil,Brazil,76-328,Distrito Federal,2020-05-25 02:32:44,6638.0,104.0,0.0,BR,BRA,,
28327,,2020-05-24,76.0,Brazil,Brazil,76-329,Espirito Santo,2020-05-25 02:32:44,10007.0,446.0,0.0,BR,BRA,,
28328,,2020-05-24,76.0,Brazil,Brazil,76-330,Goias,2020-05-25 02:32:44,2443.0,95.0,0.0,BR,BRA,,
28329,,2020-05-24,76.0,Brazil,Brazil,76-331,Maranhao,2020-05-25 02:32:44,21191.0,754.0,0.0,BR,BRA,,
28330,,2020-05-24,76.0,Brazil,Brazil,76-332,Mato Grosso,2020-05-25 02:32:44,1462.0,40.0,0.0,BR,BRA,,
28331,,2020-05-24,76.0,Brazil,Brazil,76-333,Mato Grosso do Sul,2020-05-25 02:32:44,924.0,17.0,0.0,BR,BRA,,
28332,,2020-05-24,76.0,Brazil,Brazil,76-334,Minas Gerais,2020-05-25 02:32:44,6668.0,226.0,0.0,BR,BRA,,
28333,,2020-05-24,76.0,Brazil,Brazil,76-335,Para,2020-05-25 02:32:44,24125.0,2148.0,0.0,BR,BRA,,
28334,,2020-05-24,76.0,Brazil,Brazil,76-336,Paraiba,2020-05-25 02:32:44,7823.0,272.0,0.0,BR,BRA,,
28335,,2020-05-24,76.0,Brazil,Brazil,76-337,Parana,2020-05-25 02:32:44,3212.0,153.0,0.0,BR,BRA,,
28336,,2020-05-24,76.0,Brazil,Brazil,76-338,Pernambuco,2020-05-25 02:32:44,27759.0,2200.0,0.0,BR,BRA,,
28337,,2020-05-24,76.0,Brazil,Brazil,76-339,Piaui,2020-05-25 02:32:44,3390.0,107.0,0.0,BR,BRA,,
28338,,2020-05-24,76.0,Brazil,Brazil,76-340,Rio Grande do Norte,2020-05-25 02:32:44,4697.0,200.0,0.0,BR,BRA,,
28339,,2020-05-24,76.0,Brazil,Brazil,76-341,Rio Grande do Sul,2020-05-25 02:32:44,6470.0,180.0,0.0,BR,BRA,,
28340,,2020-05-24,76.0,Brazil,Brazil,76-342,Rio de Janeiro,2020-05-25 02:32:44,37912.0,3993.0,0.0,BR,BRA,,
28341,,2020-05-24,76.0,Brazil,Brazil,76-343,Rondonia,2020-05-25 02:32:44,3201.0,121.0,0.0,BR,BRA,,
28342,,2020-05-24,76.0,Brazil,Brazil,76-344,Roraima,2020-05-25 02:32:44,2439.0,84.0,0.0,BR,BRA,,
28343,,2020-05-24,76.0,Brazil,Brazil,76-345,Santa Catarina,2020-05-25 02:32:44,6696.0,105.0,0.0,BR,BRA,,
28344,,2020-05-24,76.0,Brazil,Brazil,76-346,Sao Paulo,2020-05-25 02:32:44,82161.0,6163.0,0.0,BR,BRA,,
28345,,2020-05-24,76.0,Brazil,Brazil,76-347,Sergipe,2020-05-25 02:32:44,5314.0,93.0,0.0,BR,BRA,,
28346,,2020-05-24,76.0,Brazil,Brazil,76-348,Tocantins,2020-05-25 02:32:44,2591.0,52.0,0.0,BR,BRA,,
28347,,2020-05-24,76.0,Brazil,Brazil,,Unknown,2020-05-25 02:32:44,0.0,0.0,149911.0,BR,BRA,,
28767,,2020-05-25,76.0,Brazil,Brazil,76-322,Acre,2020-05-26 02:32:35,4501.0,97.0,0.0,BR,BRA,,
28768,,2020-05-25,76.0,Brazil,Brazil,76-323,Alagoas,2020-05-26 02:32:35,6682.0,337.0,0.0,BR,BRA,,
28769,,2020-05-25,76.0,Brazil,Brazil,76-324,Amapa,2020-05-26 02:32:35,6584.0,168.0,0.0,BR,BRA,,
28770,,2020-05-25,76.0,Brazil,Brazil,76-325,Amazonas,2020-05-26 02:32:35,30282.0,1781.0,0.0,BR,BRA,,
28771,,2020-05-25,76.0,Brazil,Brazil,76-326,Bahia,2020-05-26 02:32:35,14204.0,477.0,0.0,BR,BRA,,
28772,,2020-05-25,76.0,Brazil,Brazil,76-327,Ceara,2020-05-26 02:32:35,36185.0,2493.0,0.0,BR,BRA,,
28773,,2020-05-25,76.0,Brazil,Brazil,76-328,Distrito Federal,2020-05-26 02:32:35,6930.0,114.0,0.0,BR,BRA,,
28774,,2020-05-25,76.0,Brazil,Brazil,76-329,Espirito Santo,2020-05-26 02:32:35,10365.0,465.0,0.0,BR,BRA,,
28775,,2020-05-25,76.0,Brazil,Brazil,76-330,Goias,2020-05-26 02:32:35,2512.0,96.0,0.0,BR,BRA,,
28776,,2020-05-25,76.0,Brazil,Brazil,76-331,Maranhao,2020-05-26 02:32:35,22786.0,784.0,0.0,BR,BRA,,
28777,,2020-05-25,76.0,Brazil,Brazil,76-332,Mato Grosso,2020-05-26 02:32:35,1500.0,41.0,0.0,BR,BRA,,
28778,,2020-05-25,76.0,Brazil,Brazil,76-333,Mato Grosso do Sul,2020-05-26 02:32:35,1023.0,17.0,0.0,BR,BRA,,
28779,,2020-05-25,76.0,Brazil,Brazil,76-334,Minas Gerais,2020-05-26 02:32:35,6962.0,230.0,0.0,BR,BRA,,
28780,,2020-05-25,76.0,Brazil,Brazil,76-335,Para,2020-05-26 02:32:35,26077.0,2372.0,0.0,BR,BRA,,
28781,,2020-05-25,76.0,Brazil,Brazil,76-336,Paraiba,2020-05-26 02:32:35,8016.0,279.0,0.0,BR,BRA,,
28782,,2020-05-25,76.0,Brazil,Brazil,76-337,Parana,2020-05-26 02:32:35,3331.0,156.0,0.0,BR,BRA,,
28783,,2020-05-25,76.0,Brazil,Brazil,76-338,Pernambuco,2020-05-26 02:32:35,28366.0,2248.0,0.0,BR,BRA,,
28784,,2020-05-25,76.0,Brazil,Brazil,76-339,Piaui,2020-05-26 02:32:35,3550.0,110.0,0.0,BR,BRA,,
28785,,2020-05-25,76.0,Brazil,Brazil,76-340,Rio Grande do Norte,2020-05-26 02:32:35,4759.0,209.0,0.0,BR,BRA,,
28786,,2020-05-25,76.0,Brazil,Brazil,76-341,Rio Grande do Sul,2020-05-26 02:32:35,6559.0,197.0,0.0,BR,BRA,,
28787,,2020-05-25,76.0,Brazil,Brazil,76-342,Rio de Janeiro,2020-05-26 02:32:35,39298.0,4105.0,0.0,BR,BRA,,
28788,,2020-05-25,76.0,Brazil,Brazil,76-343,Rondonia,2020-05-26 02:32:35,3268.0,121.0,0.0,BR,BRA,,
28789,,2020-05-25,76.0,Brazil,Brazil,76-344,Roraima,2020-05-26 02:32:35,2514.0,86.0,0.0,BR,BRA,,
28790,,2020-05-25,76.0,Brazil,Brazil,76-345,Santa Catarina,2020-05-26 02:32:35,6875.0,109.0,0.0,BR,BRA,,
28791,,2020-05-25,76.0,Brazil,Brazil,76-346,Sao Paulo,2020-05-26 02:32:35,83625.0,6220.0,0.0,BR,BRA,,
28792,,2020-05-25,76.0,Brazil,Brazil,76-347,Sergipe,2020-05-26 02:32:35,5448.0,103.0,0.0,BR,BRA,,
28793,,2020-05-25,76.0,Brazil,Brazil,76-348,Tocantins,2020-05-26 02:32:35,2696.0,58.0,0.0,BR,BRA,,
28794,,2020-05-25,76.0,Brazil,Brazil,,Unknown,2020-05-26 02:32:35,0.0,0.0,153833.0,BR,BRA,,
29214,,2020-05-26,76.0,Brazil,Brazil,76-322,Acre,2020-05-27 02:32:31,4781.0,105.0,0.0,BR,BRA,,
29215,,2020-05-26,76.0,Brazil,Brazil,76-323,Alagoas,2020-05-27 02:32:31,7058.0,354.0,0.0,BR,BRA,,
29216,,2020-05-26,76.0,Brazil,Brazil,76-324,Amapa,2020-05-27 02:32:31,6967.0,173.0,0.0,BR,BRA,,
29217,,2020-05-26,76.0,Brazil,Brazil,76-325,Amazonas,2020-05-27 02:32:31,31949.0,1852.0,0.0,BR,BRA,,
29218,,2020-05-26,76.0,Brazil,Brazil,76-326,Bahia,2020-05-27 02:32:31,14566.0,495.0,0.0,BR,BRA,,
29219,,2020-05-26,76.0,Brazil,Brazil,76-327,Ceara,2020-05-27 02:32:31,37021.0,2603.0,0.0,BR,BRA,,
29220,,2020-05-26,76.0,Brazil,Brazil,76-328,Distrito Federal,2020-05-27 02:32:31,7210.0,124.0,0.0,BR,BRA,,
29221,,2020-05-26,76.0,Brazil,Brazil,76-329,Espirito Santo,2020-05-27 02:32:31,10889.0,487.0,0.0,BR,BRA,,
29222,,2020-05-26,76.0,Brazil,Brazil,76-330,Goias,2020-05-27 02:32:31,2671.0,104.0,0.0,BR,BRA,,
29223,,2020-05-26,76.0,Brazil,Brazil,76-331,Maranhao,2020-05-27 02:32:31,24278.0,817.0,0.0,BR,BRA,,
29224,,2020-05-26,76.0,Brazil,Brazil,76-332,Mato Grosso,2020-05-27 02:32:31,1628.0,43.0,0.0,BR,BRA,,
29225,,2020-05-26,76.0,Brazil,Brazil,76-333,Mato Grosso do Sul,2020-05-27 02:32:31,1100.0,17.0,0.0,BR,BRA,,
29226,,2020-05-26,76.0,Brazil,Brazil,76-334,Minas Gerais,2020-05-27 02:32:31,7516.0,234.0,0.0,BR,BRA,,
29227,,2020-05-26,76.0,Brazil,Brazil,76-335,Para,2020-05-27 02:32:31,28600.0,2469.0,0.0,BR,BRA,,
29228,,2020-05-26,76.0,Brazil,Brazil,76-336,Paraiba,2020-05-27 02:32:31,8919.0,286.0,0.0,BR,BRA,,
29229,,2020-05-26,76.0,Brazil,Brazil,76-337,Parana,2020-05-27 02:32:31,3512.0,159.0,0.0,BR,BRA,,
29230,,2020-05-26,76.0,Brazil,Brazil,76-338,Pernambuco,2020-05-27 02:32:31,28854.0,2328.0,0.0,BR,BRA,,
29231,,2020-05-26,76.0,Brazil,Brazil,76-339,Piaui,2020-05-27 02:32:31,3720.0,119.0,0.0,BR,BRA,,
29232,,2020-05-26,76.0,Brazil,Brazil,76-340,Rio Grande do Norte,2020-05-27 02:32:31,5472.0,220.0,0.0,BR,BRA,,
29233,,2020-05-26,76.0,Brazil,Brazil,76-341,Rio Grande do Sul,2020-05-27 02:32:31,6785.0,203.0,0.0,BR,BRA,,
29234,,2020-05-26,76.0,Brazil,Brazil,76-342,Rio de Janeiro,2020-05-27 02:32:31,40024.0,4361.0,0.0,BR,BRA,,
29235,,2020-05-26,76.0,Brazil,Brazil,76-343,Rondonia,2020-05-27 02:32:31,3493.0,133.0,0.0,BR,BRA,,
29236,,2020-05-26,76.0,Brazil,Brazil,76-344,Roraima,2020-05-27 02:32:31,2583.0,102.0,0.0,BR,BRA,,
29237,,2020-05-26,76.0,Brazil,Brazil,76-345,Santa Catarina,2020-05-27 02:32:31,7016.0,121.0,0.0,BR,BRA,,
29238,,2020-05-26,76.0,Brazil,Brazil,76-346,Sao Paulo,2020-05-27 02:32:31,86017.0,6423.0,0.0,BR,BRA,,
29239,,2020-05-26,76.0,Brazil,Brazil,76-347,Sergipe,2020-05-27 02:32:31,5735.0,116.0,0.0,BR,BRA,,
29240,,2020-05-26,76.0,Brazil,Brazil,76-348,Tocantins,2020-05-27 02:32:31,2858.0,64.0,0.0,BR,BRA,,
29241,,2020-05-26,76.0,Brazil,Brazil,,Unknown,2020-05-27 02:32:31,0.0,0.0,158593.0,BR,BRA,,
29661,,2020-05-27,76.0,Brazil,Brazil,76-322,Acre,2020-05-28 02:32:31,5251.0,113.0,0.0,BR,BRA,,
29662,,2020-05-27,76.0,Brazil,Brazil,76-323,Alagoas,2020-05-28 02:32:31,7580.0,368.0,0.0,BR,BRA,,
29663,,2020-05-27,76.0,Brazil,Brazil,76-324,Amapa,2020-05-28 02:32:31,7619.0,183.0,0.0,BR,BRA,,
29664,,2020-05-27,76.0,Brazil,Brazil,76-325,Amazonas,2020-05-28 02:32:31,33508.0,1891.0,0.0,BR,BRA,,
29665,,2020-05-27,76.0,Brazil,Brazil,76-326,Bahia,2020-05-28 02:32:31,15070.0,531.0,0.0,BR,BRA,,
29666,,2020-05-27,76.0,Brazil,Brazil,76-327,Ceara,2020-05-28 02:32:31,37275.0,2671.0,0.0,BR,BRA,,
29667,,2020-05-27,76.0,Brazil,Brazil,76-328,Distrito Federal,2020-05-28 02:32:31,7761.0,133.0,0.0,BR,BRA,,
29668,,2020-05-27,76.0,Brazil,Brazil,76-329,Espirito Santo,2020-05-28 02:32:31,11484.0,511.0,0.0,BR,BRA,,
29669,,2020-05-27,76.0,Brazil,Brazil,76-330,Goias,2020-05-28 02:32:31,2843.0,108.0,0.0,BR,BRA,,
29670,,2020-05-27,76.0,Brazil,Brazil,76-331,Maranhao,2020-05-28 02:32:31,26145.0,853.0,0.0,BR,BRA,,
29671,,2020-05-27,76.0,Brazil,Brazil,76-332,Mato Grosso,2020-05-28 02:32:31,1839.0,46.0,0.0,BR,BRA,,
29672,,2020-05-27,76.0,Brazil,Brazil,76-333,Mato Grosso do Sul,2020-05-28 02:32:31,1186.0,18.0,0.0,BR,BRA,,
29673,,2020-05-27,76.0,Brazil,Brazil,76-334,Minas Gerais,2020-05-28 02:32:31,8011.0,240.0,0.0,BR,BRA,,
29674,,2020-05-27,76.0,Brazil,Brazil,76-335,Para,2020-05-28 02:32:31,31033.0,2545.0,0.0,BR,BRA,,
29675,,2020-05-27,76.0,Brazil,Brazil,76-336,Paraiba,2020-05-28 02:32:31,10209.0,298.0,0.0,BR,BRA,,
29676,,2020-05-27,76.0,Brazil,Brazil,76-337,Parana,2020-05-28 02:32:31,3712.0,162.0,0.0,BR,BRA,,
29677,,2020-05-27,76.0,Brazil,Brazil,76-338,Pernambuco,2020-05-28 02:32:31,29919.0,2468.0,0.0,BR,BRA,,
29678,,2020-05-27,76.0,Brazil,Brazil,76-339,Piaui,2020-05-28 02:32:31,3966.0,134.0,0.0,BR,BRA,,
29679,,2020-05-27,76.0,Brazil,Brazil,76-340,Rio Grande do Norte,2020-05-28 02:32:31,5630.0,242.0,0.0,BR,BRA,,
29680,,2020-05-27,76.0,Brazil,Brazil,76-341,Rio Grande do Sul,2020-05-28 02:32:31,7048.0,209.0,0.0,BR,BRA,,
29681,,2020-05-27,76.0,Brazil,Brazil,76-342,Rio de Janeiro,2020-05-28 02:32:31,42398.0,4605.0,0.0,BR,BRA,,
29682,,2020-05-27,76.0,Brazil,Brazil,76-343,Rondonia,2020-05-28 02:32:31,3862.0,137.0,0.0,BR,BRA,,
29683,,2020-05-27,76.0,Brazil,Brazil,76-344,Roraima,2020-05-28 02:32:31,2682.0,102.0,0.0,BR,BRA,,
29684,,2020-05-27,76.0,Brazil,Brazil,76-345,Santa Catarina,2020-05-28 02:32:31,7372.0,126.0,0.0,BR,BRA,,
29685,,2020-05-27,76.0,Brazil,Brazil,76-346,Sao Paulo,2020-05-28 02:32:31,89483.0,6712.0,0.0,BR,BRA,,
29686,,2020-05-27,76.0,Brazil,Brazil,76-347,Sergipe,2020-05-28 02:32:31,5912.0,127.0,0.0,BR,BRA,,
29687,,2020-05-27,76.0,Brazil,Brazil,76-348,Tocantins,2020-05-28 02:32:31,3023.0,65.0,0.0,BR,BRA,,
29688,,2020-05-27,76.0,Brazil,Brazil,,Unknown,2020-05-28 02:32:31,0.0,0.0,166647.0,BR,BRA,,
30108,,2020-05-28,76.0,Brazil,Brazil,76-322,Acre,2020-05-29 02:32:50,5600.0,122.0,0.0,BR,BRA,,
30109,,2020-05-28,76.0,Brazil,Brazil,76-323,Alagoas,2020-05-29 02:32:50,8055.0,385.0,0.0,BR,BRA,,
30110,,2020-05-28,76.0,Brazil,Brazil,76-324,Amapa,2020-05-29 02:32:50,8152.0,198.0,0.0,BR,BRA,,
30111,,2020-05-28,76.0,Brazil,Brazil,76-325,Amazonas,2020-05-29 02:32:50,36146.0,1964.0,0.0,BR,BRA,,
30112,,2020-05-28,76.0,Brazil,Brazil,76-326,Bahia,2020-05-29 02:32:50,15963.0,570.0,0.0,BR,BRA,,
30113,,2020-05-28,76.0,Brazil,Brazil,76-327,Ceara,2020-05-29 02:32:50,37821.0,2733.0,0.0,BR,BRA,,
30114,,2020-05-28,76.0,Brazil,Brazil,76-328,Distrito Federal,2020-05-29 02:32:50,8300.0,142.0,0.0,BR,BRA,,
30115,,2020-05-28,76.0,Brazil,Brazil,76-329,Espirito Santo,2020-05-29 02:32:50,12203.0,538.0,0.0,BR,BRA,,
30116,,2020-05-28,76.0,Brazil,Brazil,76-330,Goias,2020-05-29 02:32:50,3090.0,115.0,0.0,BR,BRA,,
30117,,2020-05-28,76.0,Brazil,Brazil,76-331,Maranhao,2020-05-29 02:32:50,27979.0,887.0,0.0,BR,BRA,,
30118,,2020-05-28,76.0,Brazil,Brazil,76-332,Mato Grosso,2020-05-29 02:32:50,1951.0,51.0,0.0,BR,BRA,,
30119,,2020-05-28,76.0,Brazil,Brazil,76-333,Mato Grosso do Sul,2020-05-29 02:32:50,1262.0,18.0,0.0,BR,BRA,,
30120,,2020-05-28,76.0,Brazil,Brazil,76-334,Minas Gerais,2020-05-29 02:32:50,8686.0,255.0,0.0,BR,BRA,,
30121,,2020-05-28,76.0,Brazil,Brazil,76-335,Para,2020-05-29 02:32:50,33699.0,2704.0,0.0,BR,BRA,,
30122,,2020-05-28,76.0,Brazil,Brazil,76-336,Paraiba,2020-05-29 02:32:50,11132.0,318.0,0.0,BR,BRA,,
30123,,2020-05-28,76.0,Brazil,Brazil,76-337,Parana,2020-05-29 02:32:50,3984.0,169.0,0.0,BR,BRA,,
30124,,2020-05-28,76.0,Brazil,Brazil,76-338,Pernambuco,2020-05-29 02:32:50,30713.0,2566.0,0.0,BR,BRA,,
30125,,2020-05-28,76.0,Brazil,Brazil,76-339,Piaui,2020-05-29 02:32:50,4243.0,138.0,0.0,BR,BRA,,
30126,,2020-05-28,76.0,Brazil,Brazil,76-340,Rio Grande do Norte,2020-05-29 02:32:50,5630.0,254.0,0.0,BR,BRA,,
30127,,2020-05-28,76.0,Brazil,Brazil,76-341,Rio Grande do Sul,2020-05-29 02:32:50,8234.0,213.0,0.0,BR,BRA,,
30128,,2020-05-28,76.0,Brazil,Brazil,76-342,Rio de Janeiro,2020-05-29 02:32:50,44886.0,4856.0,0.0,BR,BRA,,
30129,,2020-05-28,76.0,Brazil,Brazil,76-343,Rondonia,2020-05-29 02:32:50,4252.0,142.0,0.0,BR,BRA,,
30130,,2020-05-28,76.0,Brazil,Brazil,76-344,Roraima,2020-05-29 02:32:50,2959.0,102.0,0.0,BR,BRA,,
30131,,2020-05-28,76.0,Brazil,Brazil,76-345,Santa Catarina,2020-05-29 02:32:50,8000.0,131.0,0.0,BR,BRA,,
30132,,2020-05-28,76.0,Brazil,Brazil,76-346,Sao Paulo,2020-05-29 02:32:50,95865.0,6980.0,0.0,BR,BRA,,
30133,,2020-05-28,76.0,Brazil,Brazil,76-347,Sergipe,2020-05-29 02:32:50,6156.0,135.0,0.0,BR,BRA,,
30134,,2020-05-28,76.0,Brazil,Brazil,76-348,Tocantins,2020-05-29 02:32:50,3277.0,68.0,0.0,BR,BRA,,
30135,,2020-05-28,76.0,Brazil,Brazil,,Unknown,2020-05-29 02:32:50,0.0,0.0,177604.0,BR,BRA,,
30656,,2020-05-29,76.0,Brazil,Brazil,76-322,Acre,2020-05-30 02:32:48,5841.0,135.0,0.0,BR,BRA,,
30657,,2020-05-29,76.0,Brazil,Brazil,76-323,Alagoas,2020-05-30 02:32:48,8618.0,406.0,0.0,BR,BRA,,
30658,,2020-05-29,76.0,Brazil,Brazil,76-324,Amapa,2020-05-30 02:32:48,8469.0,207.0,0.0,BR,BRA,,
30659,,2020-05-29,76.0,Brazil,Brazil,76-325,Amazonas,2020-05-30 02:32:48,38909.0,2011.0,0.0,BR,BRA,,
30660,,2020-05-29,76.0,Brazil,Brazil,76-326,Bahia,2020-05-30 02:32:48,16917.0,609.0,0.0,BR,BRA,,
30661,,2020-05-29,76.0,Brazil,Brazil,76-327,Ceara,2020-05-30 02:32:48,38395.0,2859.0,0.0,BR,BRA,,
30662,,2020-05-29,76.0,Brazil,Brazil,76-328,Distrito Federal,2020-05-30 02:32:48,8722.0,154.0,0.0,BR,BRA,,
30663,,2020-05-29,76.0,Brazil,Brazil,76-329,Espirito Santo,2020-05-30 02:32:48,12903.0,560.0,0.0,BR,BRA,,
30664,,2020-05-29,76.0,Brazil,Brazil,76-330,Goias,2020-05-30 02:32:48,3319.0,119.0,0.0,BR,BRA,,
30665,,2020-05-29,76.0,Brazil,Brazil,76-331,Maranhao,2020-05-30 02:32:48,30482.0,911.0,0.0,BR,BRA,,
30666,,2020-05-29,76.0,Brazil,Brazil,76-332,Mato Grosso,2020-05-30 02:32:48,2103.0,56.0,0.0,BR,BRA,,
30667,,2020-05-29,76.0,Brazil,Brazil,76-333,Mato Grosso do Sul,2020-05-30 02:32:48,1356.0,18.0,0.0,BR,BRA,,
30668,,2020-05-29,76.0,Brazil,Brazil,76-334,Minas Gerais,2020-05-30 02:32:48,9232.0,257.0,0.0,BR,BRA,,
30669,,2020-05-29,76.0,Brazil,Brazil,76-335,Para,2020-05-30 02:32:48,36486.0,2827.0,0.0,BR,BRA,,
30670,,2020-05-29,76.0,Brazil,Brazil,76-336,Paraiba,2020-05-30 02:32:48,12011.0,327.0,0.0,BR,BRA,,
30671,,2020-05-29,76.0,Brazil,Brazil,76-337,Parana,2020-05-30 02:32:48,4236.0,173.0,0.0,BR,BRA,,
30672,,2020-05-29,76.0,Brazil,Brazil,76-338,Pernambuco,2020-05-30 02:32:48,32255.0,2669.0,0.0,BR,BRA,,
30673,,2020-05-29,76.0,Brazil,Brazil,76-339,Piaui,2020-05-30 02:32:48,4503.0,146.0,0.0,BR,BRA,,
30674,,2020-05-29,76.0,Brazil,Brazil,76-340,Rio Grande do Norte,2020-05-30 02:32:48,6463.0,268.0,0.0,BR,BRA,,
30675,,2020-05-29,76.0,Brazil,Brazil,76-341,Rio Grande do Sul,2020-05-30 02:32:48,8234.0,213.0,0.0,BR,BRA,,
30676,,2020-05-29,76.0,Brazil,Brazil,76-342,Rio de Janeiro,2020-05-30 02:32:48,47953.0,5079.0,0.0,BR,BRA,,
30677,,2020-05-29,76.0,Brazil,Brazil,76-343,Rondonia,2020-05-30 02:32:48,4502.0,145.0,0.0,BR,BRA,,
30678,,2020-05-29,76.0,Brazil,Brazil,76-344,Roraima,2020-05-30 02:32:48,3098.0,108.0,0.0,BR,BRA,,
30679,,2020-05-29,76.0,Brazil,Brazil,76-345,Santa Catarina,2020-05-30 02:32:48,8530.0,134.0,0.0,BR,BRA,,
30680,,2020-05-29,76.0,Brazil,Brazil,76-346,Sao Paulo,2020-05-30 02:32:48,101556.0,7275.0,0.0,BR,BRA,,
30681,,2020-05-29,76.0,Brazil,Brazil,76-347,Sergipe,2020-05-30 02:32:48,6462.0,142.0,0.0,BR,BRA,,
30682,,2020-05-29,76.0,Brazil,Brazil,76-348,Tocantins,2020-05-30 02:32:48,3611.0,70.0,0.0,BR,BRA,,
30683,,2020-05-29,76.0,Brazil,Brazil,,Unknown,2020-05-30 02:32:48,0.0,0.0,189476.0,BR,BRA,,
31205,,2020-05-30,76.0,Brazil,Brazil,76-322,Acre,2020-05-31 02:32:45,6072.0,142.0,0.0,BR,BRA,,
31206,,2020-05-30,76.0,Brazil,Brazil,76-323,Alagoas,2020-05-31 02:32:45,9223.0,424.0,0.0,BR,BRA,,
31207,,2020-05-30,76.0,Brazil,Brazil,76-324,Amapa,2020-05-31 02:32:45,9313.0,215.0,0.0,BR,BRA,,
31208,,2020-05-30,76.0,Brazil,Brazil,76-325,Amazonas,2020-05-31 02:32:45,40560.0,2047.0,0.0,BR,BRA,,
31209,,2020-05-30,76.0,Brazil,Brazil,76-326,Bahia,2020-05-31 02:32:45,17626.0,638.0,0.0,BR,BRA,,
31210,,2020-05-30,76.0,Brazil,Brazil,76-327,Ceara,2020-05-31 02:32:45,46506.0,2956.0,0.0,BR,BRA,,
31211,,2020-05-30,76.0,Brazil,Brazil,76-328,Distrito Federal,2020-05-31 02:32:45,9474.0,162.0,0.0,BR,BRA,,
31212,,2020-05-30,76.0,Brazil,Brazil,76-329,Espirito Santo,2020-05-31 02:32:45,13437.0,583.0,0.0,BR,BRA,,
31213,,2020-05-30,76.0,Brazil,Brazil,76-330,Goias,2020-05-31 02:32:45,3585.0,122.0,0.0,BR,BRA,,
31214,,2020-05-30,76.0,Brazil,Brazil,76-331,Maranhao,2020-05-31 02:32:45,32620.0,932.0,0.0,BR,BRA,,
31215,,2020-05-30,76.0,Brazil,Brazil,76-332,Mato Grosso,2020-05-31 02:32:45,2361.0,57.0,0.0,BR,BRA,,
31216,,2020-05-30,76.0,Brazil,Brazil,76-333,Mato Grosso do Sul,2020-05-31 02:32:45,1418.0,19.0,0.0,BR,BRA,,
31217,,2020-05-30,76.0,Brazil,Brazil,76-334,Minas Gerais,2020-05-31 02:32:45,9630.0,263.0,0.0,BR,BRA,,
31218,,2020-05-30,76.0,Brazil,Brazil,76-335,Para,2020-05-31 02:32:45,37296.0,2900.0,0.0,BR,BRA,,
31219,,2020-05-30,76.0,Brazil,Brazil,76-336,Paraiba,2020-05-31 02:32:45,12862.0,347.0,0.0,BR,BRA,,
31220,,2020-05-30,76.0,Brazil,Brazil,76-337,Parana,2020-05-31 02:32:45,4473.0,181.0,0.0,BR,BRA,,
31221,,2020-05-30,76.0,Brazil,Brazil,76-338,Pernambuco,2020-05-31 02:32:45,33427.0,2740.0,0.0,BR,BRA,,
31222,,2020-05-30,76.0,Brazil,Brazil,76-339,Piaui,2020-05-31 02:32:45,4745.0,157.0,0.0,BR,BRA,,
31223,,2020-05-30,76.0,Brazil,Brazil,76-340,Rio Grande do Norte,2020-05-31 02:32:45,7402.0,305.0,0.0,BR,BRA,,
31224,,2020-05-30,76.0,Brazil,Brazil,76-341,Rio Grande do Sul,2020-05-31 02:32:45,9242.0,218.0,0.0,BR,BRA,,
31225,,2020-05-30,76.0,Brazil,Brazil,76-342,Rio de Janeiro,2020-05-31 02:32:45,52420.0,5277.0,0.0,BR,BRA,,
31226,,2020-05-30,76.0,Brazil,Brazil,76-343,Rondonia,2020-05-31 02:32:45,4743.0,151.0,0.0,BR,BRA,,
31227,,2020-05-30,76.0,Brazil,Brazil,76-344,Roraima,2020-05-31 02:32:45,3299.0,110.0,0.0,BR,BRA,,
31228,,2020-05-30,76.0,Brazil,Brazil,76-345,Santa Catarina,2020-05-31 02:32:45,8778.0,136.0,0.0,BR,BRA,,
31229,,2020-05-30,76.0,Brazil,Brazil,76-346,Sao Paulo,2020-05-31 02:32:45,107142.0,7532.0,0.0,BR,BRA,,
31230,,2020-05-30,76.0,Brazil,Brazil,76-347,Sergipe,2020-05-31 02:32:45,6805.0,149.0,0.0,BR,BRA,,
31231,,2020-05-30,76.0,Brazil,Brazil,76-348,Tocantins,2020-05-31 02:32:45,3981.0,71.0,0.0,BR,BRA,,
31232,,2020-05-30,76.0,Brazil,Brazil,,Unknown,2020-05-31 02:32:45,0.0,0.0,200892.0,BR,BRA,,
31755,,2020-05-31,76.0,Brazil,Brazil,76-322,Acre,2020-06-01 02:32:46,6219.0,148.0,0.0,BR,BRA,,
31756,,2020-05-31,76.0,Brazil,Brazil,76-323,Alagoas,2020-06-01 02:32:46,10288.0,443.0,0.0,BR,BRA,,
31757,,2020-05-31,76.0,Brazil,Brazil,76-324,Amapa,2020-06-01 02:32:46,9602.0,222.0,0.0,BR,BRA,,
31758,,2020-05-31,76.0,Brazil,Brazil,76-325,Amazonas,2020-06-01 02:32:46,41378.0,2052.0,0.0,BR,BRA,,
31759,,2020-05-31,76.0,Brazil,Brazil,76-326,Bahia,2020-06-01 02:32:46,18392.0,667.0,0.0,BR,BRA,,
31760,,2020-05-31,76.0,Brazil,Brazil,76-327,Ceara,2020-06-01 02:32:46,48489.0,3010.0,0.0,BR,BRA,,
31761,,2020-05-31,76.0,Brazil,Brazil,76-328,Distrito Federal,2020-06-01 02:32:46,9780.0,170.0,0.0,BR,BRA,,
31762,,2020-05-31,76.0,Brazil,Brazil,76-329,Espirito Santo,2020-06-01 02:32:46,13690.0,604.0,0.0,BR,BRA,,
31763,,2020-05-31,76.0,Brazil,Brazil,76-330,Goias,2020-06-01 02:32:46,3702.0,124.0,0.0,BR,BRA,,
31764,,2020-05-31,76.0,Brazil,Brazil,76-331,Maranhao,2020-06-01 02:32:46,34639.0,955.0,0.0,BR,BRA,,
31765,,2020-05-31,76.0,Brazil,Brazil,76-332,Mato Grosso,2020-06-01 02:32:46,2429.0,61.0,0.0,BR,BRA,,
31766,,2020-05-31,76.0,Brazil,Brazil,76-333,Mato Grosso do Sul,2020-06-01 02:32:46,1489.0,20.0,0.0,BR,BRA,,
31767,,2020-05-31,76.0,Brazil,Brazil,76-334,Minas Gerais,2020-06-01 02:32:46,10464.0,271.0,0.0,BR,BRA,,
31768,,2020-05-31,76.0,Brazil,Brazil,76-335,Para,2020-06-01 02:32:46,37961.0,2923.0,0.0,BR,BRA,,
31769,,2020-05-31,76.0,Brazil,Brazil,76-336,Paraiba,2020-06-01 02:32:46,13162.0,360.0,0.0,BR,BRA,,
31770,,2020-05-31,76.0,Brazil,Brazil,76-337,Parana,2020-06-01 02:32:46,4687.0,182.0,0.0,BR,BRA,,
31771,,2020-05-31,76.0,Brazil,Brazil,76-338,Pernambuco,2020-06-01 02:32:46,34450.0,2807.0,0.0,BR,BRA,,
31772,,2020-05-31,76.0,Brazil,Brazil,76-339,Piaui,2020-06-01 02:32:46,4931.0,161.0,0.0,BR,BRA,,
31773,,2020-05-31,76.0,Brazil,Brazil,76-340,Rio Grande do Norte,2020-06-01 02:32:46,8051.0,305.0,0.0,BR,BRA,,
31774,,2020-05-31,76.0,Brazil,Brazil,76-341,Rio Grande do Sul,2020-06-01 02:32:46,9332.0,224.0,0.0,BR,BRA,,
31775,,2020-05-31,76.0,Brazil,Brazil,76-342,Rio de Janeiro,2020-06-01 02:32:46,53388.0,5344.0,0.0,BR,BRA,,
31776,,2020-05-31,76.0,Brazil,Brazil,76-343,Rondonia,2020-06-01 02:32:46,4942.0,156.0,0.0,BR,BRA,,
31777,,2020-05-31,76.0,Brazil,Brazil,76-344,Roraima,2020-06-01 02:32:46,3474.0,116.0,0.0,BR,BRA,,
31778,,2020-05-31,76.0,Brazil,Brazil,76-345,Santa Catarina,2020-06-01 02:32:46,9037.0,143.0,0.0,BR,BRA,,
31779,,2020-05-31,76.0,Brazil,Brazil,76-346,Sao Paulo,2020-06-01 02:32:46,109698.0,7615.0,0.0,BR,BRA,,
31780,,2020-05-31,76.0,Brazil,Brazil,76-347,Sergipe,2020-06-01 02:32:46,6999.0,158.0,0.0,BR,BRA,,
31781,,2020-05-31,76.0,Brazil,Brazil,76-348,Tocantins,2020-06-01 02:32:46,4176.0,73.0,0.0,BR,BRA,,
31782,,2020-05-31,76.0,Brazil,Brazil,,Unknown,2020-06-01 02:32:46,0.0,0.0,206555.0,BR,BRA,,
32305,,2020-06-01,76.0,Brazil,Brazil,76-322,Acre,2020-06-02 02:33:08,6326.0,161.0,0.0,BR,BRA,,
32306,,2020-06-01,76.0,Brazil,Brazil,76-323,Alagoas,2020-06-02 02:33:08,10837.0,461.0,0.0,BR,BRA,,
32307,,2020-06-01,76.0,Brazil,Brazil,76-324,Amapa,2020-06-02 02:33:08,9890.0,228.0,0.0,BR,BRA,,
32308,,2020-06-01,76.0,Brazil,Brazil,76-325,Amazonas,2020-06-02 02:33:08,41774.0,2071.0,0.0,BR,BRA,,
32309,,2020-06-01,76.0,Brazil,Brazil,76-326,Bahia,2020-06-02 02:33:08,18898.0,701.0,0.0,BR,BRA,,
32310,,2020-06-01,76.0,Brazil,Brazil,76-327,Ceara,2020-06-02 02:33:08,50504.0,3188.0,0.0,BR,BRA,,
32311,,2020-06-01,76.0,Brazil,Brazil,76-328,Distrito Federal,2020-06-02 02:33:08,10510.0,171.0,0.0,BR,BRA,,
32312,,2020-06-01,76.0,Brazil,Brazil,76-329,Espirito Santo,2020-06-02 02:33:08,14069.0,614.0,0.0,BR,BRA,,
32313,,2020-06-01,76.0,Brazil,Brazil,76-330,Goias,2020-06-02 02:33:08,3906.0,127.0,0.0,BR,BRA,,
32314,,2020-06-01,76.0,Brazil,Brazil,76-331,Maranhao,2020-06-02 02:33:08,35297.0,976.0,0.0,BR,BRA,,
32315,,2020-06-01,76.0,Brazil,Brazil,76-332,Mato Grosso,2020-06-02 02:33:08,2541.0,66.0,0.0,BR,BRA,,
32316,,2020-06-01,76.0,Brazil,Brazil,76-333,Mato Grosso do Sul,2020-06-02 02:33:08,1568.0,20.0,0.0,BR,BRA,,
32317,,2020-06-01,76.0,Brazil,Brazil,76-334,Minas Gerais,2020-06-02 02:33:08,10670.0,278.0,0.0,BR,BRA,,
32318,,2020-06-01,76.0,Brazil,Brazil,76-335,Para,2020-06-02 02:33:08,38046.0,2925.0,0.0,BR,BRA,,
32319,,2020-06-01,76.0,Brazil,Brazil,76-336,Paraiba,2020-06-02 02:33:08,13695.0,370.0,0.0,BR,BRA,,
32320,,2020-06-01,76.0,Brazil,Brazil,76-337,Parana,2020-06-02 02:33:08,4835.0,190.0,0.0,BR,BRA,,
32321,,2020-06-01,76.0,Brazil,Brazil,76-338,Pernambuco,2020-06-02 02:33:08,34900.0,2875.0,0.0,BR,BRA,,
32322,,2020-06-01,76.0,Brazil,Brazil,76-339,Piaui,2020-06-02 02:33:08,5119.0,168.0,0.0,BR,BRA,,
32323,,2020-06-01,76.0,Brazil,Brazil,76-340,Rio Grande do Norte,2020-06-02 02:33:08,7964.0,323.0,0.0,BR,BRA,,
32324,,2020-06-01,76.0,Brazil,Brazil,76-341,Rio Grande do Sul,2020-06-02 02:33:08,9332.0,232.0,0.0,BR,BRA,,
32325,,2020-06-01,76.0,Brazil,Brazil,76-342,Rio de Janeiro,2020-06-02 02:33:08,54530.0,5462.0,0.0,BR,BRA,,
32326,,2020-06-01,76.0,Brazil,Brazil,76-343,Rondonia,2020-06-02 02:33:08,5172.0,159.0,0.0,BR,BRA,,
32327,,2020-06-01,76.0,Brazil,Brazil,76-344,Roraima,2020-06-02 02:33:08,3692.0,116.0,0.0,BR,BRA,,
32328,,2020-06-01,76.0,Brazil,Brazil,76-345,Santa Catarina,2020-06-02 02:33:08,9498.0,146.0,0.0,BR,BRA,,
32329,,2020-06-01,76.0,Brazil,Brazil,76-346,Sao Paulo,2020-06-02 02:33:08,111296.0,7667.0,0.0,BR,BRA,,
32330,,2020-06-01,76.0,Brazil,Brazil,76-347,Sergipe,2020-06-02 02:33:08,7233.0,166.0,0.0,BR,BRA,,
32331,,2020-06-01,76.0,Brazil,Brazil,76-348,Tocantins,2020-06-02 02:33:08,4345.0,76.0,0.0,BR,BRA,,
32332,,2020-06-01,76.0,Brazil,Brazil,,Unknown,2020-06-02 02:33:08,0.0,0.0,211080.0,BR,BRA,,
32964,,2020-06-02,76.0,Brazil,Brazil,76-322,Acre,2020-06-03 02:33:13,6465.0,165.0,0.0,BR,BRA,,
32965,,2020-06-02,76.0,Brazil,Brazil,76-323,Alagoas,2020-06-03 02:33:13,11559.0,482.0,0.0,BR,BRA,,
32966,,2020-06-02,76.0,Brazil,Brazil,76-324,Amapa,2020-06-03 02:33:13,10511.0,237.0,0.0,BR,BRA,,
32967,,2020-06-02,76.0,Brazil,Brazil,76-325,Amazonas,2020-06-03 02:33:13,43195.0,2102.0,0.0,BR,BRA,,
32968,,2020-06-02,76.0,Brazil,Brazil,76-326,Bahia,2020-06-03 02:33:13,21430.0,736.0,0.0,BR,BRA,,
32969,,2020-06-02,76.0,Brazil,Brazil,76-327,Ceara,2020-06-03 02:33:13,53073.0,3421.0,0.0,BR,BRA,,
32970,,2020-06-02,76.0,Brazil,Brazil,76-328,Distrito Federal,2020-06-03 02:33:13,11256.0,177.0,0.0,BR,BRA,,
32971,,2020-06-02,76.0,Brazil,Brazil,76-329,Espirito Santo,2020-06-03 02:33:13,15151.0,664.0,0.0,BR,BRA,,
32972,,2020-06-02,76.0,Brazil,Brazil,76-330,Goias,2020-06-03 02:33:13,4377.0,151.0,0.0,BR,BRA,,
32973,,2020-06-02,76.0,Brazil,Brazil,76-331,Maranhao,2020-06-03 02:33:13,36625.0,997.0,0.0,BR,BRA,,
32974,,2020-06-02,76.0,Brazil,Brazil,76-332,Mato Grosso,2020-06-03 02:33:13,2709.0,70.0,0.0,BR,BRA,,
32975,,2020-06-02,76.0,Brazil,Brazil,76-333,Mato Grosso do Sul,2020-06-03 02:33:13,1646.0,20.0,0.0,BR,BRA,,
32976,,2020-06-02,76.0,Brazil,Brazil,76-334,Minas Gerais,2020-06-03 02:33:13,10939.0,289.0,0.0,BR,BRA,,
32977,,2020-06-02,76.0,Brazil,Brazil,76-335,Para,2020-06-03 02:33:13,41207.0,3040.0,0.0,BR,BRA,,
32978,,2020-06-02,76.0,Brazil,Brazil,76-336,Paraiba,2020-06-03 02:33:13,14859.0,379.0,0.0,BR,BRA,,
32979,,2020-06-02,76.0,Brazil,Brazil,76-337,Parana,2020-06-03 02:33:13,5163.0,199.0,0.0,BR,BRA,,
32980,,2020-06-02,76.0,Brazil,Brazil,76-338,Pernambuco,2020-06-03 02:33:13,35508.0,2933.0,0.0,BR,BRA,,
32981,,2020-06-02,76.0,Brazil,Brazil,76-339,Piaui,2020-06-03 02:33:13,5506.0,180.0,0.0,BR,BRA,,
32982,,2020-06-02,76.0,Brazil,Brazil,76-340,Rio Grande do Norte,2020-06-03 02:33:13,8233.0,341.0,0.0,BR,BRA,,
32983,,2020-06-02,76.0,Brazil,Brazil,76-341,Rio Grande do Sul,2020-06-03 02:33:13,9919.0,245.0,0.0,BR,BRA,,
32984,,2020-06-02,76.0,Brazil,Brazil,76-342,Rio de Janeiro,2020-06-03 02:33:13,56732.0,5686.0,0.0,BR,BRA,,
32985,,2020-06-02,76.0,Brazil,Brazil,76-343,Rondonia,2020-06-03 02:33:13,5477.0,172.0,0.0,BR,BRA,,
32986,,2020-06-02,76.0,Brazil,Brazil,76-344,Roraima,2020-06-03 02:33:13,3850.0,120.0,0.0,BR,BRA,,
32987,,2020-06-02,76.0,Brazil,Brazil,76-345,Santa Catarina,2020-06-03 02:33:13,9660.0,148.0,0.0,BR,BRA,,
32988,,2020-06-02,76.0,Brazil,Brazil,76-346,Sao Paulo,2020-06-03 02:33:13,118295.0,7994.0,0.0,BR,BRA,,
32989,,2020-06-02,76.0,Brazil,Brazil,76-347,Sergipe,2020-06-03 02:33:13,7555.0,172.0,0.0,BR,BRA,,
32990,,2020-06-02,76.0,Brazil,Brazil,76-348,Tocantins,2020-06-03 02:33:13,4483.0,79.0,0.0,BR,BRA,,
32991,,2020-06-02,76.0,Brazil,Brazil,,Unknown,2020-06-03 02:33:13,0.0,0.0,223638.0,BR,BRA,,
33622,,2020-06-03,76.0,Brazil,Brazil,76-322,Acre,2020-06-04 02:33:14,6679.0,171.0,0.0,BR,BRA,,
33623,,2020-06-03,76.0,Brazil,Brazil,76-323,Alagoas,2020-06-04 02:33:14,12407.0,506.0,0.0,BR,BRA,,
33624,,2020-06-03,76.0,Brazil,Brazil,76-324,Amapa,2020-06-04 02:33:14,11107.0,247.0,0.0,BR,BRA,,
33625,,2020-06-03,76.0,Brazil,Brazil,76-325,Amazonas,2020-06-04 02:33:14,44347.0,2138.0,0.0,BR,BRA,,
33626,,2020-06-03,76.0,Brazil,Brazil,76-326,Bahia,2020-06-04 02:33:14,22451.0,762.0,0.0,BR,BRA,,
33627,,2020-06-03,76.0,Brazil,Brazil,76-327,Ceara,2020-06-04 02:33:14,56056.0,3605.0,0.0,BR,BRA,,
33628,,2020-06-03,76.0,Brazil,Brazil,76-328,Distrito Federal,2020-06-04 02:33:14,12020.0,191.0,0.0,BR,BRA,,
33629,,2020-06-03,76.0,Brazil,Brazil,76-329,Espirito Santo,2020-06-04 02:33:14,16121.0,698.0,0.0,BR,BRA,,
33630,,2020-06-03,76.0,Brazil,Brazil,76-330,Goias,2020-06-04 02:33:14,4570.0,155.0,0.0,BR,BRA,,
33631,,2020-06-03,76.0,Brazil,Brazil,76-331,Maranhao,2020-06-04 02:33:14,38174.0,1028.0,0.0,BR,BRA,,
33632,,2020-06-03,76.0,Brazil,Brazil,76-332,Mato Grosso,2020-06-04 02:33:14,2848.0,76.0,0.0,BR,BRA,,
33633,,2020-06-03,76.0,Brazil,Brazil,76-333,Mato Grosso do Sul,2020-06-04 02:33:14,1802.0,20.0,0.0,BR,BRA,,
33634,,2020-06-03,76.0,Brazil,Brazil,76-334,Minas Gerais,2020-06-04 02:33:14,12010.0,306.0,0.0,BR,BRA,,
33635,,2020-06-03,76.0,Brazil,Brazil,76-335,Para,2020-06-04 02:33:14,44774.0,3193.0,0.0,BR,BRA,,
33636,,2020-06-03,76.0,Brazil,Brazil,76-336,Paraiba,2020-06-04 02:33:14,16018.0,414.0,0.0,BR,BRA,,
33637,,2020-06-03,76.0,Brazil,Brazil,76-337,Parana,2020-06-04 02:33:14,5494.0,205.0,0.0,BR,BRA,,
33638,,2020-06-03,76.0,Brazil,Brazil,76-338,Pernambuco,2020-06-04 02:33:14,36463.0,3012.0,0.0,BR,BRA,,
33639,,2020-06-03,76.0,Brazil,Brazil,76-339,Piaui,2020-06-04 02:33:14,5828.0,192.0,0.0,BR,BRA,,
33640,,2020-06-03,76.0,Brazil,Brazil,76-340,Rio Grande do Norte,2020-06-04 02:33:14,9149.0,367.0,0.0,BR,BRA,,
33641,,2020-06-03,76.0,Brazil,Brazil,76-341,Rio Grande do Sul,2020-06-04 02:33:14,10398.0,258.0,0.0,BR,BRA,,
33642,,2020-06-03,76.0,Brazil,Brazil,76-342,Rio de Janeiro,2020-06-04 02:33:14,59240.0,6010.0,0.0,BR,BRA,,
33643,,2020-06-03,76.0,Brazil,Brazil,76-343,Rondonia,2020-06-04 02:33:14,5713.0,180.0,0.0,BR,BRA,,
33644,,2020-06-03,76.0,Brazil,Brazil,76-344,Roraima,2020-06-04 02:33:14,4143.0,124.0,0.0,BR,BRA,,
33645,,2020-06-03,76.0,Brazil,Brazil,76-345,Santa Catarina,2020-06-04 02:33:14,10034.0,152.0,0.0,BR,BRA,,
33646,,2020-06-03,76.0,Brazil,Brazil,76-346,Sao Paulo,2020-06-04 02:33:14,123483.0,8276.0,0.0,BR,BRA,,
33647,,2020-06-03,76.0,Brazil,Brazil,76-347,Sergipe,2020-06-04 02:33:14,7989.0,180.0,0.0,BR,BRA,,
33648,,2020-06-03,76.0,Brazil,Brazil,76-348,Tocantins,2020-06-04 02:33:14,4698.0,82.0,0.0,BR,BRA,,
33649,,2020-06-03,76.0,Brazil,Brazil,,Unknown,2020-06-04 02:33:14,0.0,0.0,238617.0,BR,BRA,,
34281,,2020-06-04,76.0,Brazil,Brazil,76-322,Acre,2020-06-05 02:33:06,7021.0,181.0,0.0,BR,BRA,,
34282,,2020-06-04,76.0,Brazil,Brazil,76-323,Alagoas,2020-06-05 02:33:06,13097.0,531.0,0.0,BR,BRA,,
34283,,2020-06-04,76.0,Brazil,Brazil,76-324,Amapa,2020-06-05 02:33:06,11551.0,254.0,0.0,BR,BRA,,
34284,,2020-06-04,76.0,Brazil,Brazil,76-325,Amazonas,2020-06-05 02:33:06,46473.0,2183.0,0.0,BR,BRA,,
34285,,2020-06-04,76.0,Brazil,Brazil,76-326,Bahia,2020-06-05 02:33:06,23463.0,790.0,0.0,BR,BRA,,
34286,,2020-06-04,76.0,Brazil,Brazil,76-327,Ceara,2020-06-05 02:33:06,59795.0,3813.0,0.0,BR,BRA,,
34287,,2020-06-04,76.0,Brazil,Brazil,76-328,Distrito Federal,2020-06-05 02:33:06,12923.0,196.0,0.0,BR,BRA,,
34288,,2020-06-04,76.0,Brazil,Brazil,76-329,Espirito Santo,2020-06-05 02:33:06,16894.0,737.0,0.0,BR,BRA,,
34289,,2020-06-04,76.0,Brazil,Brazil,76-330,Goias,2020-06-05 02:33:06,4944.0,164.0,0.0,BR,BRA,,
34290,,2020-06-04,76.0,Brazil,Brazil,76-331,Maranhao,2020-06-05 02:33:06,40629.0,1062.0,0.0,BR,BRA,,
34291,,2020-06-04,76.0,Brazil,Brazil,76-332,Mato Grosso,2020-06-05 02:33:06,3194.0,82.0,0.0,BR,BRA,,
34292,,2020-06-04,76.0,Brazil,Brazil,76-333,Mato Grosso do Sul,2020-06-05 02:33:06,1925.0,20.0,0.0,BR,BRA,,
34293,,2020-06-04,76.0,Brazil,Brazil,76-334,Minas Gerais,2020-06-05 02:33:06,13034.0,323.0,0.0,BR,BRA,,
34294,,2020-06-04,76.0,Brazil,Brazil,76-335,Para,2020-06-05 02:33:06,48049.0,3416.0,0.0,BR,BRA,,
34295,,2020-06-04,76.0,Brazil,Brazil,76-336,Paraiba,2020-06-05 02:33:06,17579.0,438.0,0.0,BR,BRA,,
34296,,2020-06-04,76.0,Brazil,Brazil,76-337,Parana,2020-06-05 02:33:06,5820.0,215.0,0.0,BR,BRA,,
34297,,2020-06-04,76.0,Brazil,Brazil,76-338,Pernambuco,2020-06-05 02:33:06,37507.0,3134.0,0.0,BR,BRA,,
34298,,2020-06-04,76.0,Brazil,Brazil,76-339,Piaui,2020-06-05 02:33:06,6064.0,202.0,0.0,BR,BRA,,
34299,,2020-06-04,76.0,Brazil,Brazil,76-340,Rio Grande do Norte,2020-06-05 02:33:06,9282.0,378.0,0.0,BR,BRA,,
34300,,2020-06-04,76.0,Brazil,Brazil,76-341,Rio Grande do Sul,2020-06-05 02:33:06,11010.0,265.0,0.0,BR,BRA,,
34301,,2020-06-04,76.0,Brazil,Brazil,76-342,Rio de Janeiro,2020-06-05 02:33:06,60932.0,6327.0,0.0,BR,BRA,,
34302,,2020-06-04,76.0,Brazil,Brazil,76-343,Rondonia,2020-06-05 02:33:06,6459.0,194.0,0.0,BR,BRA,,
34303,,2020-06-04,76.0,Brazil,Brazil,76-344,Roraima,2020-06-05 02:33:06,4483.0,127.0,0.0,BR,BRA,,
34304,,2020-06-04,76.0,Brazil,Brazil,76-345,Santa Catarina,2020-06-05 02:33:06,10532.0,156.0,0.0,BR,BRA,,
34305,,2020-06-04,76.0,Brazil,Brazil,76-346,Sao Paulo,2020-06-05 02:33:06,129200.0,8560.0,0.0,BR,BRA,,
34306,,2020-06-04,76.0,Brazil,Brazil,76-347,Sergipe,2020-06-05 02:33:06,8200.0,186.0,0.0,BR,BRA,,
34307,,2020-06-04,76.0,Brazil,Brazil,76-348,Tocantins,2020-06-05 02:33:06,4881.0,87.0,0.0,BR,BRA,,
34308,,2020-06-04,76.0,Brazil,Brazil,,Unknown,2020-06-05 02:33:06,0.0,0.0,254963.0,BR,BRA,,
34940,,2020-06-05,76.0,Brazil,Brazil,76-322,Acre,2020-06-06 02:33:00,7284.0,190.0,0.0,BR,BRA,,
34941,,2020-06-05,76.0,Brazil,Brazil,76-323,Alagoas,2020-06-06 02:33:00,13937.0,557.0,0.0,BR,BRA,,
34942,,2020-06-05,76.0,Brazil,Brazil,76-324,Amapa,2020-06-06 02:33:00,12327.0,260.0,0.0,BR,BRA,,
34943,,2020-06-05,76.0,Brazil,Brazil,76-325,Amazonas,2020-06-06 02:33:00,47666.0,2199.0,0.0,BR,BRA,,
34944,,2020-06-05,76.0,Brazil,Brazil,76-326,Bahia,2020-06-06 02:33:00,26419.0,819.0,0.0,BR,BRA,,
34945,,2020-06-05,76.0,Brazil,Brazil,76-327,Ceara,2020-06-06 02:33:00,61595.0,3890.0,0.0,BR,BRA,,
34946,,2020-06-05,76.0,Brazil,Brazil,76-328,Distrito Federal,2020-06-06 02:33:00,14208.0,202.0,0.0,BR,BRA,,
34947,,2020-06-05,76.0,Brazil,Brazil,76-329,Espirito Santo,2020-06-06 02:33:00,18109.0,780.0,0.0,BR,BRA,,
34948,,2020-06-05,76.0,Brazil,Brazil,76-330,Goias,2020-06-06 02:33:00,5373.0,167.0,0.0,BR,BRA,,
34949,,2020-06-05,76.0,Brazil,Brazil,76-331,Maranhao,2020-06-06 02:33:00,43313.0,1095.0,0.0,BR,BRA,,
34950,,2020-06-05,76.0,Brazil,Brazil,76-332,Mato Grosso,2020-06-06 02:33:00,3481.0,88.0,0.0,BR,BRA,,
34951,,2020-06-05,76.0,Brazil,Brazil,76-333,Mato Grosso do Sul,2020-06-06 02:33:00,1997.0,21.0,0.0,BR,BRA,,
34952,,2020-06-05,76.0,Brazil,Brazil,76-334,Minas Gerais,2020-06-06 02:33:00,13995.0,344.0,0.0,BR,BRA,,
34953,,2020-06-05,76.0,Brazil,Brazil,76-335,Para,2020-06-06 02:33:00,50960.0,3538.0,0.0,BR,BRA,,
34954,,2020-06-05,76.0,Brazil,Brazil,76-336,Paraiba,2020-06-06 02:33:00,18579.0,451.0,0.0,BR,BRA,,
34955,,2020-06-05,76.0,Brazil,Brazil,76-337,Parana,2020-06-06 02:33:00,6348.0,227.0,0.0,BR,BRA,,
34956,,2020-06-05,76.0,Brazil,Brazil,76-338,Pernambuco,2020-06-06 02:33:00,38511.0,3205.0,0.0,BR,BRA,,
34957,,2020-06-05,76.0,Brazil,Brazil,76-339,Piaui,2020-06-06 02:33:00,6717.0,217.0,0.0,BR,BRA,,
34958,,2020-06-05,76.0,Brazil,Brazil,76-340,Rio Grande do Norte,2020-06-06 02:33:00,9440.0,387.0,0.0,BR,BRA,,
34959,,2020-06-05,76.0,Brazil,Brazil,76-341,Rio Grande do Sul,2020-06-06 02:33:00,11583.0,276.0,0.0,BR,BRA,,
34960,,2020-06-05,76.0,Brazil,Brazil,76-342,Rio de Janeiro,2020-06-06 02:33:00,63066.0,6473.0,0.0,BR,BRA,,
34961,,2020-06-05,76.0,Brazil,Brazil,76-343,Rondonia,2020-06-06 02:33:00,6862.0,213.0,0.0,BR,BRA,,
34962,,2020-06-05,76.0,Brazil,Brazil,76-344,Roraima,2020-06-06 02:33:00,4831.0,139.0,0.0,BR,BRA,,
34963,,2020-06-05,76.0,Brazil,Brazil,76-345,Santa Catarina,2020-06-06 02:33:00,10846.0,159.0,0.0,BR,BRA,,
34964,,2020-06-05,76.0,Brazil,Brazil,76-346,Sao Paulo,2020-06-06 02:33:00,134565.0,8842.0,0.0,BR,BRA,,
34965,,2020-06-05,76.0,Brazil,Brazil,76-347,Sergipe,2020-06-06 02:33:00,8577.0,198.0,0.0,BR,BRA,,
34966,,2020-06-05,76.0,Brazil,Brazil,76-348,Tocantins,2020-06-06 02:33:00,5182.0,89.0,0.0,BR,BRA,,
34967,,2020-06-05,76.0,Brazil,Brazil,,Unknown,2020-06-06 02:33:00,0.0,0.0,266940.0,BR,BRA,,
35619,,2020-06-06,76.0,Brazil,Brazil,76-322,Acre,2020-06-07 03:53:30,7525.0,201.0,0.0,BR,BRA,,
35620,,2020-06-06,76.0,Brazil,Brazil,76-323,Alagoas,2020-06-07 03:53:30,14818.0,582.0,0.0,BR,BRA,,
35621,,2020-06-06,76.0,Brazil,Brazil,76-324,Amapa,2020-06-07 03:53:30,12773.0,269.0,0.0,BR,BRA,,
35622,,2020-06-06,76.0,Brazil,Brazil,76-325,Amazonas,2020-06-07 03:53:30,48785.0,2232.0,0.0,BR,BRA,,
35623,,2020-06-06,76.0,Brazil,Brazil,76-326,Bahia,2020-06-07 03:53:30,27396.0,846.0,0.0,BR,BRA,,
35624,,2020-06-06,76.0,Brazil,Brazil,76-327,Ceara,2020-06-07 03:53:30,63575.0,3965.0,0.0,BR,BRA,,
35625,,2020-06-06,76.0,Brazil,Brazil,76-328,Distrito Federal,2020-06-07 03:53:30,15850.0,208.0,0.0,BR,BRA,,
35626,,2020-06-06,76.0,Brazil,Brazil,76-329,Espirito Santo,2020-06-07 03:53:30,18950.0,806.0,0.0,BR,BRA,,
35627,,2020-06-06,76.0,Brazil,Brazil,76-330,Goias,2020-06-07 03:53:30,5669.0,172.0,0.0,BR,BRA,,
35628,,2020-06-06,76.0,Brazil,Brazil,76-331,Maranhao,2020-06-07 03:53:30,45470.0,1132.0,0.0,BR,BRA,,
35629,,2020-06-06,76.0,Brazil,Brazil,76-332,Mato Grosso,2020-06-07 03:53:30,3662.0,96.0,0.0,BR,BRA,,
35630,,2020-06-06,76.0,Brazil,Brazil,76-333,Mato Grosso do Sul,2020-06-07 03:53:30,2132.0,21.0,0.0,BR,BRA,,
35631,,2020-06-06,76.0,Brazil,Brazil,76-334,Minas Gerais,2020-06-07 03:53:30,14939.0,368.0,0.0,BR,BRA,,
35632,,2020-06-06,76.0,Brazil,Brazil,76-335,Para,2020-06-07 03:53:30,53176.0,3612.0,0.0,BR,BRA,,
35633,,2020-06-06,76.0,Brazil,Brazil,76-336,Paraiba,2020-06-07 03:53:30,19787.0,467.0,0.0,BR,BRA,,
35634,,2020-06-06,76.0,Brazil,Brazil,76-337,Parana,2020-06-07 03:53:30,6605.0,232.0,0.0,BR,BRA,,
35635,,2020-06-06,76.0,Brazil,Brazil,76-338,Pernambuco,2020-06-07 03:53:30,39361.0,3270.0,0.0,BR,BRA,,
35636,,2020-06-06,76.0,Brazil,Brazil,76-339,Piaui,2020-06-07 03:53:30,7105.0,224.0,0.0,BR,BRA,,
35637,,2020-06-06,76.0,Brazil,Brazil,76-340,Rio Grande do Norte,2020-06-07 03:53:30,9449.0,410.0,0.0,BR,BRA,,
35638,,2020-06-06,76.0,Brazil,Brazil,76-341,Rio Grande do Sul,2020-06-07 03:53:30,12037.0,283.0,0.0,BR,BRA,,
35639,,2020-06-06,76.0,Brazil,Brazil,76-342,Rio de Janeiro,2020-06-07 03:53:30,64533.0,6639.0,0.0,BR,BRA,,
35640,,2020-06-06,76.0,Brazil,Brazil,76-343,Rondonia,2020-06-07 03:53:30,7700.0,228.0,0.0,BR,BRA,,
35641,,2020-06-06,76.0,Brazil,Brazil,76-344,Roraima,2020-06-07 03:53:30,5238.0,139.0,0.0,BR,BRA,,
35642,,2020-06-06,76.0,Brazil,Brazil,76-345,Santa Catarina,2020-06-07 03:53:30,11285.0,166.0,0.0,BR,BRA,,
35643,,2020-06-06,76.0,Brazil,Brazil,76-346,Sao Paulo,2020-06-07 03:53:30,140549.0,9058.0,0.0,BR,BRA,,
35644,,2020-06-06,76.0,Brazil,Brazil,76-347,Sergipe,2020-06-07 03:53:30,8972.0,208.0,0.0,BR,BRA,,
35645,,2020-06-06,76.0,Brazil,Brazil,76-348,Tocantins,2020-06-07 03:53:30,5505.0,96.0,0.0,BR,BRA,,
35646,,2020-06-06,76.0,Brazil,Brazil,,Unknown,2020-06-07 03:53:30,0.0,0.0,277149.0,BR,BRA,,
36298,,2020-06-07,76.0,Brazil,Brazil,76-322,Acre,2020-06-08 03:33:22,7983.0,207.0,0.0,BR,BRA,,
36299,,2020-06-07,76.0,Brazil,Brazil,76-323,Alagoas,2020-06-08 03:33:22,15706.0,601.0,0.0,BR,BRA,,
36300,,2020-06-07,76.0,Brazil,Brazil,76-324,Amapa,2020-06-08 03:33:22,13045.0,272.0,0.0,BR,BRA,,
36301,,2020-06-07,76.0,Brazil,Brazil,76-325,Amazonas,2020-06-08 03:33:22,49269.0,2250.0,0.0,BR,BRA,,
36302,,2020-06-07,76.0,Brazil,Brazil,76-326,Bahia,2020-06-08 03:33:22,28250.0,879.0,0.0,BR,BRA,,
36303,,2020-06-07,76.0,Brazil,Brazil,76-327,Ceara,2020-06-08 03:33:22,64271.0,3982.0,0.0,BR,BRA,,
36304,,2020-06-07,76.0,Brazil,Brazil,76-328,Distrito Federal,2020-06-08 03:33:22,16623.0,214.0,0.0,BR,BRA,,
36305,,2020-06-07,76.0,Brazil,Brazil,76-329,Espirito Santo,2020-06-08 03:33:22,19619.0,832.0,0.0,BR,BRA,,
36306,,2020-06-07,76.0,Brazil,Brazil,76-330,Goias,2020-06-08 03:33:22,5813.0,173.0,0.0,BR,BRA,,
36307,,2020-06-07,76.0,Brazil,Brazil,76-331,Maranhao,2020-06-08 03:33:22,47593.0,1170.0,0.0,BR,BRA,,
36308,,2020-06-07,76.0,Brazil,Brazil,76-332,Mato Grosso,2020-06-08 03:33:22,3878.0,109.0,0.0,BR,BRA,,
36309,,2020-06-07,76.0,Brazil,Brazil,76-333,Mato Grosso do Sul,2020-06-08 03:33:22,2253.0,21.0,0.0,BR,BRA,,
36310,,2020-06-07,76.0,Brazil,Brazil,76-334,Minas Gerais,2020-06-08 03:33:22,15703.0,376.0,0.0,BR,BRA,,
36311,,2020-06-07,76.0,Brazil,Brazil,76-335,Para,2020-06-08 03:33:22,54271.0,3678.0,0.0,BR,BRA,,
36312,,2020-06-07,76.0,Brazil,Brazil,76-336,Paraiba,2020-06-08 03:33:22,20310.0,484.0,0.0,BR,BRA,,
36313,,2020-06-07,76.0,Brazil,Brazil,76-337,Parana,2020-06-08 03:33:22,6897.0,237.0,0.0,BR,BRA,,
36314,,2020-06-07,76.0,Brazil,Brazil,76-338,Pernambuco,2020-06-08 03:33:22,40242.0,3305.0,0.0,BR,BRA,,
36315,,2020-06-07,76.0,Brazil,Brazil,76-339,Piaui,2020-06-08 03:33:22,7478.0,239.0,0.0,BR,BRA,,
36316,,2020-06-07,76.0,Brazil,Brazil,76-340,Rio Grande do Norte,2020-06-08 03:33:22,9452.0,424.0,0.0,BR,BRA,,
36317,,2020-06-07,76.0,Brazil,Brazil,76-341,Rio Grande do Sul,2020-06-08 03:33:22,12135.0,286.0,0.0,BR,BRA,,
36318,,2020-06-07,76.0,Brazil,Brazil,76-342,Rio de Janeiro,2020-06-08 03:33:22,67756.0,6707.0,0.0,BR,BRA,,
36319,,2020-06-07,76.0,Brazil,Brazil,76-343,Rondonia,2020-06-08 03:33:22,8110.0,235.0,0.0,BR,BRA,,
36320,,2020-06-07,76.0,Brazil,Brazil,76-344,Roraima,2020-06-08 03:33:22,5529.0,142.0,0.0,BR,BRA,,
36321,,2020-06-07,76.0,Brazil,Brazil,76-345,Santa Catarina,2020-06-08 03:33:22,11565.0,171.0,0.0,BR,BRA,,
36322,,2020-06-07,76.0,Brazil,Brazil,76-346,Sao Paulo,2020-06-08 03:33:22,143073.0,9145.0,0.0,BR,BRA,,
36323,,2020-06-07,76.0,Brazil,Brazil,76-347,Sergipe,2020-06-08 03:33:22,9290.0,217.0,0.0,BR,BRA,,
36324,,2020-06-07,76.0,Brazil,Brazil,76-348,Tocantins,2020-06-08 03:33:22,5644.0,99.0,0.0,BR,BRA,,
36325,,2020-06-07,76.0,Brazil,Brazil,,Unknown,2020-06-08 03:33:22,0.0,0.0,283952.0,BR,BRA,,
36977,,2020-06-08,76.0,Brazil,Brazil,76-322,Acre,2020-06-09 03:33:03,8128.0,211.0,4113.0,BR,BRA,,
36978,,2020-06-08,76.0,Brazil,Brazil,76-323,Alagoas,2020-06-09 03:33:03,15706.0,601.0,9645.0,BR,BRA,,
36979,,2020-06-08,76.0,Brazil,Brazil,76-324,Amapa,2020-06-09 03:33:03,13294.0,278.0,6148.0,BR,BRA,,
36980,,2020-06-08,76.0,Brazil,Brazil,76-325,Amazonas,2020-06-09 03:33:03,49811.0,2271.0,39586.0,BR,BRA,,
36981,,2020-06-08,76.0,Brazil,Brazil,76-326,Bahia,2020-06-09 03:33:03,28715.0,910.0,12406.0,BR,BRA,,
36982,,2020-06-08,76.0,Brazil,Brazil,76-327,Ceara,2020-06-09 03:33:03,65605.0,4120.0,46361.0,BR,BRA,,
36983,,2020-06-08,76.0,Brazil,Brazil,76-328,Distrito Federal,2020-06-09 03:33:03,16629.0,214.0,8966.0,BR,BRA,,
36984,,2020-06-08,76.0,Brazil,Brazil,76-329,Espirito Santo,2020-06-09 03:33:03,20659.0,871.0,11192.0,BR,BRA,,
36985,,2020-06-08,76.0,Brazil,Brazil,76-330,Goias,2020-06-09 03:33:03,6124.0,173.0,0.0,BR,BRA,,
36986,,2020-06-08,76.0,Brazil,Brazil,76-331,Maranhao,2020-06-09 03:33:03,49371.0,1247.0,23272.0,BR,BRA,,
36987,,2020-06-08,76.0,Brazil,Brazil,76-332,Mato Grosso,2020-06-09 03:33:03,4100.0,116.0,1454.0,BR,BRA,,
36988,,2020-06-08,76.0,Brazil,Brazil,76-333,Mato Grosso do Sul,2020-06-09 03:33:03,2324.0,22.0,1190.0,BR,BRA,,
36989,,2020-06-08,76.0,Brazil,Brazil,76-334,Minas Gerais,2020-06-09 03:33:03,15883.0,380.0,6857.0,BR,BRA,,
36990,,2020-06-08,76.0,Brazil,Brazil,76-335,Para,2020-06-09 03:33:03,56032.0,3772.0,44244.0,BR,BRA,,
36991,,2020-06-08,76.0,Brazil,Brazil,76-336,Paraiba,2020-06-09 03:33:03,20951.0,507.0,4340.0,BR,BRA,,
36992,,2020-06-08,76.0,Brazil,Brazil,76-337,Parana,2020-06-09 03:33:03,7031.0,243.0,2558.0,BR,BRA,,
36993,,2020-06-08,76.0,Brazil,Brazil,76-338,Pernambuco,2020-06-09 03:33:03,40705.0,3350.0,23417.0,BR,BRA,,
36994,,2020-06-08,76.0,Brazil,Brazil,76-339,Piaui,2020-06-09 03:33:03,7621.0,254.0,599.0,BR,BRA,,
36995,,2020-06-08,76.0,Brazil,Brazil,76-340,Rio Grande do Norte,2020-06-09 03:33:03,10888.0,431.0,1824.0,BR,BRA,,
36996,,2020-06-08,76.0,Brazil,Brazil,76-341,Rio Grande do Sul,2020-06-09 03:33:03,12250.0,291.0,8587.0,BR,BRA,,
36997,,2020-06-08,76.0,Brazil,Brazil,76-342,Rio de Janeiro,2020-06-09 03:33:03,69499.0,6781.0,53445.0,BR,BRA,,
36998,,2020-06-08,76.0,Brazil,Brazil,76-343,Rondonia,2020-06-09 03:33:03,8626.0,245.0,3131.0,BR,BRA,,
36999,,2020-06-08,76.0,Brazil,Brazil,76-344,Roraima,2020-06-09 03:33:03,5768.0,145.0,1537.0,BR,BRA,,
37000,,2020-06-08,76.0,Brazil,Brazil,76-345,Santa Catarina,2020-06-09 03:33:03,11565.0,171.0,6931.0,BR,BRA,,
37001,,2020-06-08,76.0,Brazil,Brazil,76-346,Sao Paulo,2020-06-09 03:33:03,144593.0,9188.0,49295.0,BR,BRA,,
37002,,2020-06-08,76.0,Brazil,Brazil,76-347,Sergipe,2020-06-09 03:33:03,9727.0,234.0,4525.0,BR,BRA,,
37003,,2020-06-08,76.0,Brazil,Brazil,76-348,Tocantins,2020-06-09 03:33:03,5807.0,108.0,2634.0,BR,BRA,,
37656,,2020-06-09,76.0,Brazil,Brazil,76-322,Acre,2020-06-10 04:07:00,8457.0,223.0,4336.0,BR,BRA,,
37657,,2020-06-09,76.0,Brazil,Brazil,76-323,Alagoas,2020-06-10 04:07:00,17193.0,640.0,10290.0,BR,BRA,,
37658,,2020-06-09,76.0,Brazil,Brazil,76-324,Amapa,2020-06-10 04:07:00,13771.0,285.0,6544.0,BR,BRA,,
37659,,2020-06-09,76.0,Brazil,Brazil,76-325,Amazonas,2020-06-10 04:07:00,51234.0,2315.0,39586.0,BR,BRA,,
37660,,2020-06-09,76.0,Brazil,Brazil,76-326,Bahia,2020-06-10 04:07:00,30481.0,937.0,13484.0,BR,BRA,,
37661,,2020-06-09,76.0,Brazil,Brazil,76-327,Ceara,2020-06-10 04:07:00,68384.0,4309.0,48659.0,BR,BRA,,
37662,,2020-06-09,76.0,Brazil,Brazil,76-328,Distrito Federal,2020-06-10 04:07:00,18090.0,236.0,9782.0,BR,BRA,,
37663,,2020-06-09,76.0,Brazil,Brazil,76-329,Espirito Santo,2020-06-10 04:07:00,21964.0,904.0,11892.0,BR,BRA,,
37664,,2020-06-09,76.0,Brazil,Brazil,76-330,Goias,2020-06-10 04:07:00,6521.0,180.0,0.0,BR,BRA,,
37665,,2020-06-09,76.0,Brazil,Brazil,76-331,Maranhao,2020-06-10 04:07:00,52069.0,1285.0,25120.0,BR,BRA,,
37666,,2020-06-09,76.0,Brazil,Brazil,76-332,Mato Grosso,2020-06-10 04:07:00,4339.0,135.0,1597.0,BR,BRA,,
37667,,2020-06-09,76.0,Brazil,Brazil,76-333,Mato Grosso do Sul,2020-06-10 04:07:00,2455.0,22.0,1227.0,BR,BRA,,
37668,,2020-06-09,76.0,Brazil,Brazil,76-334,Minas Gerais,2020-06-10 04:07:00,16102.0,399.0,7363.0,BR,BRA,,
37669,,2020-06-09,76.0,Brazil,Brazil,76-335,Para,2020-06-10 04:07:00,59148.0,3853.0,46694.0,BR,BRA,,
37670,,2020-06-09,76.0,Brazil,Brazil,76-336,Paraiba,2020-06-10 04:07:00,22452.0,534.0,4671.0,BR,BRA,,
37671,,2020-06-09,76.0,Brazil,Brazil,76-337,Parana,2020-06-10 04:07:00,7314.0,253.0,2744.0,BR,BRA,,
37672,,2020-06-09,76.0,Brazil,Brazil,76-338,Pernambuco,2020-06-10 04:07:00,41010.0,3453.0,23723.0,BR,BRA,,
37673,,2020-06-09,76.0,Brazil,Brazil,76-339,Piaui,2020-06-10 04:07:00,7927.0,265.0,622.0,BR,BRA,,
37674,,2020-06-09,76.0,Brazil,Brazil,76-340,Rio Grande do Norte,2020-06-10 04:07:00,11027.0,459.0,1824.0,BR,BRA,,
37675,,2020-06-09,76.0,Brazil,Brazil,76-341,Rio Grande do Sul,2020-06-10 04:07:00,12802.0,301.0,10410.0,BR,BRA,,
37676,,2020-06-09,76.0,Brazil,Brazil,76-342,Rio de Janeiro,2020-06-10 04:07:00,72979.0,6928.0,56552.0,BR,BRA,,
37677,,2020-06-09,76.0,Brazil,Brazil,76-343,Rondonia,2020-06-10 04:07:00,9220.0,255.0,3364.0,BR,BRA,,
37678,,2020-06-09,76.0,Brazil,Brazil,76-344,Roraima,2020-06-10 04:07:00,6056.0,168.0,1569.0,BR,BRA,,
37679,,2020-06-09,76.0,Brazil,Brazil,76-345,Santa Catarina,2020-06-10 04:07:00,12192.0,179.0,7828.0,BR,BRA,,
37680,,2020-06-09,76.0,Brazil,Brazil,76-346,Sao Paulo,2020-06-10 04:07:00,150138.0,9522.0,49295.0,BR,BRA,,
37681,,2020-06-09,76.0,Brazil,Brazil,76-347,Sergipe,2020-06-10 04:07:00,10126.0,252.0,4575.0,BR,BRA,,
37682,,2020-06-09,76.0,Brazil,Brazil,76-348,Tocantins,2020-06-10 04:07:00,6052.0,114.0,2986.0,BR,BRA,,
38335,,2020-06-10,76.0,Brazil,Brazil,76-322,Acre,2020-06-11 03:33:41,8746.0,237.0,4336.0,BR,BRA,,
38336,,2020-06-10,76.0,Brazil,Brazil,76-323,Alagoas,2020-06-11 03:33:41,18176.0,660.0,11220.0,BR,BRA,,
38337,,2020-06-10,76.0,Brazil,Brazil,76-324,Amapa,2020-06-11 03:33:41,14623.0,289.0,6717.0,BR,BRA,,
38338,,2020-06-10,76.0,Brazil,Brazil,76-325,Amazonas,2020-06-11 03:33:41,52849.0,2363.0,42586.0,BR,BRA,,
38339,,2020-06-10,76.0,Brazil,Brazil,76-326,Bahia,2020-06-11 03:33:41,32685.0,975.0,14228.0,BR,BRA,,
38340,,2020-06-10,76.0,Brazil,Brazil,76-327,Ceara,2020-06-11 03:33:41,71402.0,4480.0,50537.0,BR,BRA,,
38341,,2020-06-10,76.0,Brazil,Brazil,76-328,Distrito Federal,2020-06-11 03:33:41,19433.0,256.0,10403.0,BR,BRA,,
38342,,2020-06-10,76.0,Brazil,Brazil,76-329,Espirito Santo,2020-06-11 03:33:41,23344.0,936.0,12725.0,BR,BRA,,
38343,,2020-06-10,76.0,Brazil,Brazil,76-330,Goias,2020-06-11 03:33:41,7159.0,188.0,0.0,BR,BRA,,
38344,,2020-06-10,76.0,Brazil,Brazil,76-331,Maranhao,2020-06-11 03:33:41,53508.0,1322.0,26795.0,BR,BRA,,
38345,,2020-06-10,76.0,Brazil,Brazil,76-332,Mato Grosso,2020-06-11 03:33:41,4602.0,146.0,1697.0,BR,BRA,,
38346,,2020-06-10,76.0,Brazil,Brazil,76-333,Mato Grosso do Sul,2020-06-11 03:33:41,2597.0,24.0,1360.0,BR,BRA,,
38347,,2020-06-10,76.0,Brazil,Brazil,76-334,Minas Gerais,2020-06-11 03:33:41,17501.0,409.0,7816.0,BR,BRA,,
38348,,2020-06-10,76.0,Brazil,Brazil,76-335,Para,2020-06-11 03:33:41,62095.0,3927.0,49651.0,BR,BRA,,
38349,,2020-06-10,76.0,Brazil,Brazil,76-336,Paraiba,2020-06-11 03:33:41,24032.0,559.0,4671.0,BR,BRA,,
38350,,2020-06-10,76.0,Brazil,Brazil,76-337,Parana,2020-06-11 03:33:41,7831.0,275.0,2887.0,BR,BRA,,
38351,,2020-06-10,76.0,Brazil,Brazil,76-338,Pernambuco,2020-06-11 03:33:41,41935.0,3531.0,25569.0,BR,BRA,,
38352,,2020-06-10,76.0,Brazil,Brazil,76-339,Piaui,2020-06-11 03:33:41,8359.0,283.0,641.0,BR,BRA,,
38353,,2020-06-10,76.0,Brazil,Brazil,76-340,Rio Grande do Norte,2020-06-11 03:33:41,11568.0,487.0,1096.0,BR,BRA,,
38354,,2020-06-10,76.0,Brazil,Brazil,76-341,Rio Grande do Sul,2020-06-11 03:33:41,13619.0,316.0,10906.0,BR,BRA,,
38355,,2020-06-10,76.0,Brazil,Brazil,76-342,Rio de Janeiro,2020-06-11 03:33:41,74373.0,7138.0,57933.0,BR,BRA,,
38356,,2020-06-10,76.0,Brazil,Brazil,76-343,Rondonia,2020-06-11 03:33:41,9850.0,267.0,3504.0,BR,BRA,,
38357,,2020-06-10,76.0,Brazil,Brazil,76-344,Roraima,2020-06-11 03:33:41,6347.0,182.0,1579.0,BR,BRA,,
38358,,2020-06-10,76.0,Brazil,Brazil,76-345,Santa Catarina,2020-06-11 03:33:41,12594.0,184.0,8203.0,BR,BRA,,
38359,,2020-06-10,76.0,Brazil,Brazil,76-346,Sao Paulo,2020-06-11 03:33:41,156316.0,9862.0,49295.0,BR,BRA,,
38360,,2020-06-10,76.0,Brazil,Brazil,76-347,Sergipe,2020-06-11 03:33:41,10615.0,264.0,4575.0,BR,BRA,,
38361,,2020-06-10,76.0,Brazil,Brazil,76-348,Tocantins,2020-06-11 03:33:41,6257.0,120.0,2986.0,BR,BRA,,
